filename,id,album,name,artist,popularity,genre,danceability,energy,key,loudness,mode,speechiness,acousticness,instrumentalness,liveness,valence,tempo,type,uri,track_href,analysis_url,duration_ms,time_signature
Imagine_Dragons_Demons.txt,5dutmcNWUzaMvPMxK6hqfz,Night Visions (Expanded Edition / Super Deluxe),Demons,Imagine Dragons,44,"modern rock, pop, rock",0.488,0.706,3,-3.127,1,0.0363,0.197,0.00035,0.297,0.367,90.009,audio_features,spotify:track:5dutmcNWUzaMvPMxK6hqfz,https://api.spotify.com/v1/tracks/5dutmcNWUzaMvPMxK6hqfz,https://api.spotify.com/v1/audio-analysis/5dutmcNWUzaMvPMxK6hqfz,2.95845,4
The_Weeknd_Reminder.txt,37F0uwRSrdzkBiuj0D5UHI,Starboy,Reminder,The Weeknd,80,"canadian contemporary r&b, canadian pop, pop",0.705,0.505,8,-6.923,1,0.193,0.142,0.0,0.164,0.388,160.053,audio_features,spotify:track:37F0uwRSrdzkBiuj0D5UHI,https://api.spotify.com/v1/tracks/37F0uwRSrdzkBiuj0D5UHI,https://api.spotify.com/v1/audio-analysis/37F0uwRSrdzkBiuj0D5UHI,3.648,4
Taylor_Swift_Shake_It_Off_(Taylor's_Version).txt,3pv7Q5v2dpdefwdWIvE7yH,1989 (Taylor's Version),Shake It Off (Taylor's Version),Taylor Swift,72,pop,0.632,0.805,7,-5.707,1,0.069,0.0112,2.51e-05,0.156,0.903,160.052,audio_features,spotify:track:3pv7Q5v2dpdefwdWIvE7yH,https://api.spotify.com/v1/tracks/3pv7Q5v2dpdefwdWIvE7yH,https://api.spotify.com/v1/audio-analysis/3pv7Q5v2dpdefwdWIvE7yH,3.65348333333333,4
Rosa_Linn_SNAP.txt,0ApE8Ao0xAcvbSrIcRlMQz,SNAP PACK,SNAP,Rosa Linn,43,alt z,0.565,0.636,0,-8.198,1,0.0622,0.107,9.9e-06,0.447,0.526,170.027,audio_features,spotify:track:0ApE8Ao0xAcvbSrIcRlMQz,https://api.spotify.com/v1/tracks/0ApE8Ao0xAcvbSrIcRlMQz,https://api.spotify.com/v1/audio-analysis/0ApE8Ao0xAcvbSrIcRlMQz,2.99251666666667,4
Ed_Sheeran_Shape_of_You.txt,7qiZfU4dY1lWllzX7mPBI3,÷ (Deluxe),Shape of You,Ed Sheeran,86,"pop, singer-songwriter pop, uk pop",0.825,0.652,1,-3.183,0,0.0802,0.581,0.0,0.0931,0.931,95.977,audio_features,spotify:track:7qiZfU4dY1lWllzX7mPBI3,https://api.spotify.com/v1/tracks/7qiZfU4dY1lWllzX7mPBI3,https://api.spotify.com/v1/audio-analysis/7qiZfU4dY1lWllzX7mPBI3,3.89521666666667,4
One_Direction_Night_Changes.txt,5O2P9iiztwhomNh8xkR9lJ,FOUR (Deluxe),Night Changes,One Direction,89,"boy band, pop, post-teen pop, talent show",0.672,0.52,8,-7.747,1,0.0353,0.859,0.0,0.115,0.37,120.001,audio_features,spotify:track:5O2P9iiztwhomNh8xkR9lJ,https://api.spotify.com/v1/tracks/5O2P9iiztwhomNh8xkR9lJ,https://api.spotify.com/v1/audio-analysis/5O2P9iiztwhomNh8xkR9lJ,3.77666666666667,4
Oscar_Maydon_Fin_de_Semana.txt,6TBzRwnX2oYd8aOrOuyK1p,Fin de Semana,Fin de Semana,"Oscar Maydon, Junior H",76,corrido,0.699,0.541,0,-4.943,1,0.0826,0.0628,0.0,0.0916,0.365,98.395,audio_features,spotify:track:6TBzRwnX2oYd8aOrOuyK1p,https://api.spotify.com/v1/tracks/6TBzRwnX2oYd8aOrOuyK1p,https://api.spotify.com/v1/audio-analysis/6TBzRwnX2oYd8aOrOuyK1p,3.74868333333333,4
Creepy_Nuts_オトノケ_-_Otonoke.txt,6KYOlIwDHbrbeBbJEtQ0Fj,オトノケ - Otonoke,オトノケ - Otonoke,Creepy Nuts,85,j-pop,0.517,0.842,1,-6.905,1,0.348,0.062,0.0575,0.158,0.643,169.745,audio_features,spotify:track:6KYOlIwDHbrbeBbJEtQ0Fj,https://api.spotify.com/v1/tracks/6KYOlIwDHbrbeBbJEtQ0Fj,https://api.spotify.com/v1/audio-analysis/6KYOlIwDHbrbeBbJEtQ0Fj,3.09378333333333,4
James_Arthur_Car's_Outside.txt,0otRX6Z89qKkHkQ9OqJpKt,YOU,Car's Outside,James Arthur,80,"pop, talent show, uk pop",0.338,0.562,9,-7.181,1,0.029,0.039,0.0,0.107,0.259,149.907,audio_features,spotify:track:0otRX6Z89qKkHkQ9OqJpKt,https://api.spotify.com/v1/tracks/0otRX6Z89qKkHkQ9OqJpKt,https://api.spotify.com/v1/audio-analysis/0otRX6Z89qKkHkQ9OqJpKt,4.13955,4
Cigarettes_After_Sex_Apocalypse.txt,1WTlony1MLK4u5OaG8uTLg,Apocalypse,Apocalypse,Cigarettes After Sex,59,"ambient pop, dream pop, el paso indie, shoegaze",0.37,0.462,5,-9.026,1,0.0274,0.0201,0.429,0.109,0.18,94.472,audio_features,spotify:track:1WTlony1MLK4u5OaG8uTLg,https://api.spotify.com/v1/tracks/1WTlony1MLK4u5OaG8uTLg,https://api.spotify.com/v1/audio-analysis/1WTlony1MLK4u5OaG8uTLg,4.83578333333333,4
Shubh_Cheques.txt,4eBvRhTJ2AcxCsbfTUjoRp,Still Rollin,Cheques,Shubh,75,punjabi hip hop,0.742,0.627,4,-8.939,0,0.0533,0.262,1.23e-05,0.269,0.356,89.998,audio_features,spotify:track:4eBvRhTJ2AcxCsbfTUjoRp,https://api.spotify.com/v1/tracks/4eBvRhTJ2AcxCsbfTUjoRp,https://api.spotify.com/v1/audio-analysis/4eBvRhTJ2AcxCsbfTUjoRp,3.06261666666667,4
Frank_Ocean_Pink_+_White.txt,3xKsf9qdS1CyvXSMEid6g8,Blonde,Pink + White,Frank Ocean,87,"lgbtq+ hip hop, neo soul",0.545,0.545,9,-7.362,1,0.107,0.667,5.48e-05,0.417,0.549,159.94,audio_features,spotify:track:3xKsf9qdS1CyvXSMEid6g8,https://api.spotify.com/v1/tracks/3xKsf9qdS1CyvXSMEid6g8,https://api.spotify.com/v1/audio-analysis/3xKsf9qdS1CyvXSMEid6g8,3.07526666666667,3
Post_Malone_Circles.txt,21jGcNKet2qwijlDFuPiPb,Hollywood's Bleeding,Circles,Post Malone,83,"dfw rap, melodic rap, pop, rap",0.695,0.763,0,-3.497,1,0.0396,0.189,0.00242,0.0863,0.551,120.042,audio_features,spotify:track:21jGcNKet2qwijlDFuPiPb,https://api.spotify.com/v1/tracks/21jGcNKet2qwijlDFuPiPb,https://api.spotify.com/v1/audio-analysis/21jGcNKet2qwijlDFuPiPb,3.588,4
Bruno_Mars_Just_the_Way_You_Are.txt,7BqBn9nzAq8spo5e7cZ0dJ,Doo-Wops & Hooligans,Just the Way You Are,Bruno Mars,85,"dance pop, pop",0.635,0.841,5,-5.379,1,0.0422,0.0134,0.0,0.0622,0.424,109.021,audio_features,spotify:track:7BqBn9nzAq8spo5e7cZ0dJ,https://api.spotify.com/v1/tracks/7BqBn9nzAq8spo5e7cZ0dJ,https://api.spotify.com/v1/audio-analysis/7BqBn9nzAq8spo5e7cZ0dJ,3.6789,4
Hozier_Take_Me_to_Church.txt,1CS7Sd1u5tWkstBhpssyjP,Hozier (Expanded Edition),Take Me to Church,Hozier,79,"irish singer-songwriter, modern rock, pop, pov: indie",0.566,0.664,4,-5.303,0,0.0464,0.634,0.0,0.116,0.437,128.945,audio_features,spotify:track:1CS7Sd1u5tWkstBhpssyjP,https://api.spotify.com/v1/tracks/1CS7Sd1u5tWkstBhpssyjP,https://api.spotify.com/v1/audio-analysis/1CS7Sd1u5tWkstBhpssyjP,4.02821666666667,4
Fuerza_Regida_Bebe_Dame.txt,0IKeDy5bT9G0bA7ZixRT4A,Sigan Hablando,Bebe Dame,"Fuerza Regida, Grupo Frontera",71,"corrido, corridos tumbados, sad sierreno, sierreno",0.529,0.602,7,-4.629,1,0.0458,0.299,0.0,0.0716,0.756,157.643,audio_features,spotify:track:0IKeDy5bT9G0bA7ZixRT4A,https://api.spotify.com/v1/tracks/0IKeDy5bT9G0bA7ZixRT4A,https://api.spotify.com/v1/audio-analysis/0IKeDy5bT9G0bA7ZixRT4A,4.53103333333333,4
Taylor_Swift_You_Belong_With_Me_(Taylor’s_Version).txt,1qrpoAMXodY6895hGKoUpA,Fearless (Taylor's Version),You Belong With Me (Taylor’s Version),Taylor Swift,79,pop,0.632,0.773,6,-4.856,1,0.0346,0.0623,0.0,0.0885,0.474,130.033,audio_features,spotify:track:1qrpoAMXodY6895hGKoUpA,https://api.spotify.com/v1/tracks/1qrpoAMXodY6895hGKoUpA,https://api.spotify.com/v1/audio-analysis/1qrpoAMXodY6895hGKoUpA,3.85206666666667,4
Bad_Bunny_Tití_Me_Preguntó.txt,1IHWl5LamUGEuP4ozKQSXZ,Un Verano Sin Ti,Tití Me Preguntó,Bad Bunny,79,"reggaeton, trap latino, urbano latino",0.65,0.715,5,-5.198,0,0.253,0.0993,0.000291,0.126,0.187,106.672,audio_features,spotify:track:1IHWl5LamUGEuP4ozKQSXZ,https://api.spotify.com/v1/tracks/1IHWl5LamUGEuP4ozKQSXZ,https://api.spotify.com/v1/audio-analysis/1IHWl5LamUGEuP4ozKQSXZ,4.06195,4
Taylor_Swift_Better_Than_Revenge_(Taylor's_Version).txt,0NwGC0v03ysCYINtg6ns58,Speak Now (Taylor's Version),Better Than Revenge (Taylor's Version),Taylor Swift,68,pop,0.505,0.893,11,-3.013,0,0.0771,0.000795,0.0,0.178,0.659,145.913,audio_features,spotify:track:0NwGC0v03ysCYINtg6ns58,https://api.spotify.com/v1/tracks/0NwGC0v03ysCYINtg6ns58,https://api.spotify.com/v1/audio-analysis/0NwGC0v03ysCYINtg6ns58,3.67178333333333,4
Hotel_Ugly_Shut_up_My_Moms_Calling.txt,3hxIUxnT27p5WcmjGUXNwx,Shut up My Moms Calling,Shut up My Moms Calling,Hotel Ugly,85,modern indie pop,0.485,0.409,9,-10.711,0,0.101,0.325,0.0,0.103,0.376,138.419,audio_features,spotify:track:3hxIUxnT27p5WcmjGUXNwx,https://api.spotify.com/v1/tracks/3hxIUxnT27p5WcmjGUXNwx,https://api.spotify.com/v1/audio-analysis/3hxIUxnT27p5WcmjGUXNwx,2.74285,4
Creedence_Clearwater_Revival_Have_You_Ever_Seen_The_Rain.txt,2LawezPeJhN4AWuSB0GtAU,Pendulum (Expanded Edition),Have You Ever Seen The Rain,Creedence Clearwater Revival,84,"album rock, classic rock, country rock, mellow gold, rock, southern rock, swamp rock",0.741,0.697,0,-7.028,1,0.0277,0.0664,2.28e-05,0.133,0.774,116.109,audio_features,spotify:track:2LawezPeJhN4AWuSB0GtAU,https://api.spotify.com/v1/tracks/2LawezPeJhN4AWuSB0GtAU,https://api.spotify.com/v1/audio-analysis/2LawezPeJhN4AWuSB0GtAU,2.66888333333333,4
Plan_B_Es_un_Secreto.txt,7JwdbqIpiuWvGbRryKSuBz,House Of Pleasure,Es un Secreto,Plan B,66,"reggaeton, trap latino, urbano latino",0.841,0.783,6,-4.915,0,0.0432,0.106,2.49e-06,0.0528,0.514,94.989,audio_features,spotify:track:7JwdbqIpiuWvGbRryKSuBz,https://api.spotify.com/v1/tracks/7JwdbqIpiuWvGbRryKSuBz,https://api.spotify.com/v1/audio-analysis/7JwdbqIpiuWvGbRryKSuBz,3.176,4
SAIKO_POLARIS_-_Remix.txt,0EhuGnOS6fTc5l5UNtDEH2,POLARIS (Remix),POLARIS - Remix,"SAIKO, Quevedo, Feid, Mora",69,"trap latino, urbano espanol, urbano latino",0.623,0.799,8,-4.152,0,0.0713,0.153,0.0,0.365,0.552,169.901,audio_features,spotify:track:0EhuGnOS6fTc5l5UNtDEH2,https://api.spotify.com/v1/tracks/0EhuGnOS6fTc5l5UNtDEH2,https://api.spotify.com/v1/audio-analysis/0EhuGnOS6fTc5l5UNtDEH2,4.8,4
NewJeans_Ditto.txt,3r8RuvgbX9s7ammBn07D3W,Ditto,Ditto,NewJeans,77,"k-pop, k-pop girl group",0.814,0.641,6,-5.957,0,0.111,0.027,0.0,0.0993,0.183,133.854,audio_features,spotify:track:3r8RuvgbX9s7ammBn07D3W,https://api.spotify.com/v1/tracks/3r8RuvgbX9s7ammBn07D3W,https://api.spotify.com/v1/audio-analysis/3r8RuvgbX9s7ammBn07D3W,3.09178333333333,4
Pentatonix_Take_On_Me.txt,26BlpGNVcVFAfq5UUv3oEb,PTX Vol. IV - Classics,Take On Me,Pentatonix,44,"a cappella, viral pop",0.499,0.519,9,-6.674,1,0.0344,0.00876,0.0,0.249,0.517,165.036,audio_features,spotify:track:26BlpGNVcVFAfq5UUv3oEb,https://api.spotify.com/v1/tracks/26BlpGNVcVFAfq5UUv3oEb,https://api.spotify.com/v1/audio-analysis/26BlpGNVcVFAfq5UUv3oEb,3.48333333333333,4
"Kodak_Black_Angel_Pt._1_(feat._Jimin_of_BTS,_JVKE_&_Muni_Long).txt",1vvcEHQdaUTvWt0EIUYcFK,"Angel Pt. 1 (feat. Jimin of BTS, JVKE & Muni Long) [Trailer Version]","Angel Pt. 1 (feat. Jimin of BTS, JVKE & Muni Long)","Kodak Black, NLE Choppa, Jimin, JVKE, Muni Long, Fast & Furious: The Fast Saga",61,"florida drill, florida rap, melodic rap, miami hip hop, rap, trap, trap latino",0.715,0.681,10,-4.25,0,0.113,0.129,0.0,0.152,0.277,84.924,audio_features,spotify:track:1vvcEHQdaUTvWt0EIUYcFK,https://api.spotify.com/v1/tracks/1vvcEHQdaUTvWt0EIUYcFK,https://api.spotify.com/v1/audio-analysis/1vvcEHQdaUTvWt0EIUYcFK,2.93003333333333,4
Stray_Kids_S-Class.txt,3gTQwwDNJ42CCLo3Sf4JDd,5-STAR,S-Class,Stray Kids,72,"k-pop, k-pop boy group, pop",0.886,0.781,5,-1.837,0,0.333,0.0895,0.0,0.0715,0.672,104.996,audio_features,spotify:track:3gTQwwDNJ42CCLo3Sf4JDd,https://api.spotify.com/v1/tracks/3gTQwwDNJ42CCLo3Sf4JDd,https://api.spotify.com/v1/audio-analysis/3gTQwwDNJ42CCLo3Sf4JDd,3.26148333333333,4
Taylor_Swift_Hits_Different.txt,2BPLFluGLtHPN9EF6oK5w8,Midnights (The Til Dawn Edition),Hits Different,Taylor Swift,47,pop,0.673,0.778,5,-6.272,1,0.0413,0.102,3.81e-06,0.234,0.244,106.033,audio_features,spotify:track:2BPLFluGLtHPN9EF6oK5w8,https://api.spotify.com/v1/tracks/2BPLFluGLtHPN9EF6oK5w8,https://api.spotify.com/v1/audio-analysis/2BPLFluGLtHPN9EF6oK5w8,3.90778333333333,4
Frank_Ocean_Chanel.txt,6Nle9hKrkL1wQpwNfEkxjh,Chanel,Chanel,Frank Ocean,77,"lgbtq+ hip hop, neo soul",0.776,0.503,0,-5.732,0,0.237,0.874,0.0,0.112,0.473,110.134,audio_features,spotify:track:6Nle9hKrkL1wQpwNfEkxjh,https://api.spotify.com/v1/tracks/6Nle9hKrkL1wQpwNfEkxjh,https://api.spotify.com/v1/audio-analysis/6Nle9hKrkL1wQpwNfEkxjh,3.50475,4
Kaliii_Area_Codes.txt,7dGXSUVah5IfIeymPFZ5vM,Area Codes,Area Codes,Kaliii,37,"rap, viral rap",0.878,0.365,1,-11.124,1,0.483,0.0216,0.0,0.0876,0.513,77.506,audio_features,spotify:track:7dGXSUVah5IfIeymPFZ5vM,https://api.spotify.com/v1/tracks/7dGXSUVah5IfIeymPFZ5vM,https://api.spotify.com/v1/audio-analysis/7dGXSUVah5IfIeymPFZ5vM,2.3221,4
Eden_Muñoz_Abcdario.txt,0qCPD6ilr9nXkI4KVZgcns,Abcdario,Abcdario,"Eden Muñoz, Junior H",73,"banda, corrido, musica mexicana, norteno, sierreno",0.703,0.429,8,-9.076,1,0.0308,0.783,1.48e-06,0.113,0.416,129.034,audio_features,spotify:track:0qCPD6ilr9nXkI4KVZgcns,https://api.spotify.com/v1/tracks/0qCPD6ilr9nXkI4KVZgcns,https://api.spotify.com/v1/audio-analysis/0qCPD6ilr9nXkI4KVZgcns,3.6775,4
Olivia_Rodrigo_obsessed.txt,6tNgRQ0K2NYZ0Rb9l9DzL8,GUTS (spilled),obsessed,Olivia Rodrigo,77,pop,0.68,0.581,8,-5.166,1,0.106,0.0181,1.07e-06,0.276,0.63,119.974,audio_features,spotify:track:6tNgRQ0K2NYZ0Rb9l9DzL8,https://api.spotify.com/v1/tracks/6tNgRQ0K2NYZ0Rb9l9DzL8,https://api.spotify.com/v1/audio-analysis/6tNgRQ0K2NYZ0Rb9l9DzL8,2.84236666666667,4
JISOO_FLOWER.txt,69CrOS7vEHIrhC2ILyEi0s,ME,FLOWER,JISOO,69,k-pop,0.843,0.389,9,-7.669,0,0.036,0.0316,6.2e-06,0.0982,0.639,123.956,audio_features,spotify:track:69CrOS7vEHIrhC2ILyEi0s,https://api.spotify.com/v1/tracks/69CrOS7vEHIrhC2ILyEi0s,https://api.spotify.com/v1/audio-analysis/69CrOS7vEHIrhC2ILyEi0s,2.88556666666667,4
Ed_Sheeran_Eyes_Closed.txt,3p7XQpdt8Dr6oMXSvRZ9bg,- (Deluxe),Eyes Closed,Ed Sheeran,73,"pop, singer-songwriter pop, uk pop",0.777,0.526,2,-6.221,1,0.0645,0.302,0.0,0.105,0.389,107.071,audio_features,spotify:track:3p7XQpdt8Dr6oMXSvRZ9bg,https://api.spotify.com/v1/tracks/3p7XQpdt8Dr6oMXSvRZ9bg,https://api.spotify.com/v1/audio-analysis/3p7XQpdt8Dr6oMXSvRZ9bg,3.24748333333333,4
RAYE_Escapism._-_Sped_Up.txt,3XCpS4k8WqNnCpcDOSRRuz,Escapism.,Escapism. - Sped Up,"RAYE, 070 Shake",70,"uk contemporary r&b, uk pop",0.435,0.768,6,-5.352,0,0.201,0.0857,0.000231,0.0918,0.378,107.588,audio_features,spotify:track:3XCpS4k8WqNnCpcDOSRRuz,https://api.spotify.com/v1/tracks/3XCpS4k8WqNnCpcDOSRRuz,https://api.spotify.com/v1/audio-analysis/3XCpS4k8WqNnCpcDOSRRuz,3.99813333333333,4
Arcángel_La_Jumpa.txt,2mnXxnrX5vCGolNkaFvVeM,Sr. Santos,La Jumpa,"Arcángel, Bad Bunny",68,"latin hip hop, reggaeton, trap latino, urbano latino",0.713,0.703,8,-5.769,1,0.194,0.298,0.0,0.321,0.576,123.06,audio_features,spotify:track:2mnXxnrX5vCGolNkaFvVeM,https://api.spotify.com/v1/tracks/2mnXxnrX5vCGolNkaFvVeM,https://api.spotify.com/v1/audio-analysis/2mnXxnrX5vCGolNkaFvVeM,4.26155,4
Taylor_Swift_Karma.txt,4i6cwNY6oIUU2XZxPIw82Y,Midnights (The Til Dawn Edition),Karma (feat. Ice Spice),"Taylor Swift, Ice Spice",61,pop,0.615,0.626,8,-6.548,1,0.0778,0.0574,0.0,0.596,0.0705,89.984,audio_features,spotify:track:4i6cwNY6oIUU2XZxPIw82Y,https://api.spotify.com/v1/tracks/4i6cwNY6oIUU2XZxPIw82Y,https://api.spotify.com/v1/audio-analysis/4i6cwNY6oIUU2XZxPIw82Y,3.35821666666667,4
Taylor_Swift_Karma_(feat._Ice_Spice).txt,4i6cwNY6oIUU2XZxPIw82Y,Midnights (The Til Dawn Edition),Karma (feat. Ice Spice),"Taylor Swift, Ice Spice",61,pop,0.615,0.626,8,-6.548,1,0.0778,0.0574,0.0,0.596,0.0705,89.984,audio_features,spotify:track:4i6cwNY6oIUU2XZxPIw82Y,https://api.spotify.com/v1/tracks/4i6cwNY6oIUU2XZxPIw82Y,https://api.spotify.com/v1/audio-analysis/4i6cwNY6oIUU2XZxPIw82Y,3.35821666666667,4
Metro_Boomin_Superhero_(Heroes_&_Villains)_[with_Future_&_Chris_Brown].txt,0vjeOZ3Ft5jvAi9SBFJm1j,HEROES & VILLAINS,Superhero (Heroes & Villains) [with Future & Chris Brown],"Metro Boomin, Future, Chris Brown",79,rap,0.709,0.583,5,-5.298,0,0.204,0.138,2.97e-06,0.195,0.533,116.624,audio_features,spotify:track:0vjeOZ3Ft5jvAi9SBFJm1j,https://api.spotify.com/v1/tracks/0vjeOZ3Ft5jvAi9SBFJm1j,https://api.spotify.com/v1/audio-analysis/0vjeOZ3Ft5jvAi9SBFJm1j,3.04445,4
Peso_Pluma_LAS_MORRAS.txt,0lc2neV7ZzjZExwCIVG2B3,GÉNESIS,LAS MORRAS,"Peso Pluma, Blessd",68,"corridos tumbados, sad sierreno",0.782,0.793,9,-5.177,0,0.0387,0.4,6.98e-06,0.0824,0.869,132.997,audio_features,spotify:track:0lc2neV7ZzjZExwCIVG2B3,https://api.spotify.com/v1/tracks/0lc2neV7ZzjZExwCIVG2B3,https://api.spotify.com/v1/audio-analysis/0lc2neV7ZzjZExwCIVG2B3,2.59251666666667,3
Feid_CHORRITO_PA_LAS_ANIMAS.txt,0CYTGMBYkwUxrj1MWDLrC5,SIXDO,CHORRITO PA LAS ANIMAS,Feid,77,"colombian pop, pop reggaeton, reggaeton, reggaeton colombiano, trap latino, urbano latino",0.743,0.831,8,-4.042,0,0.0584,0.114,6.43e-05,0.35,0.609,95.975,audio_features,spotify:track:0CYTGMBYkwUxrj1MWDLrC5,https://api.spotify.com/v1/tracks/0CYTGMBYkwUxrj1MWDLrC5,https://api.spotify.com/v1/audio-analysis/0CYTGMBYkwUxrj1MWDLrC5,2.80221666666667,4
Fuerza_Regida_Ch_y_la_Pizza.txt,1ySH55O0zbQBR77q8wQEyn,Ch y la Pizza,Ch y la Pizza,"Fuerza Regida, Natanael Cano",67,"corrido, corridos tumbados, sad sierreno, sierreno",0.661,0.6,8,-4.495,1,0.125,0.401,0.0,0.141,0.848,148.666,audio_features,spotify:track:1ySH55O0zbQBR77q8wQEyn,https://api.spotify.com/v1/tracks/1ySH55O0zbQBR77q8wQEyn,https://api.spotify.com/v1/audio-analysis/1ySH55O0zbQBR77q8wQEyn,2.28188333333333,3
Taylor_Swift_Snow_On_The_Beach_(feat._More_Lana_Del_Rey).txt,4zmKGsrXjLmljb5fTaBTot,Midnights (The Til Dawn Edition),Snow On The Beach (feat. More Lana Del Rey),"Taylor Swift, Lana Del Rey",70,pop,0.664,0.399,6,-10.997,0,0.0349,0.797,3.13e-06,0.105,0.265,109.937,audio_features,spotify:track:4zmKGsrXjLmljb5fTaBTot,https://api.spotify.com/v1/tracks/4zmKGsrXjLmljb5fTaBTot,https://api.spotify.com/v1/audio-analysis/4zmKGsrXjLmljb5fTaBTot,3.83238333333333,4
Coi_Leray_Players.txt,6UN73IYd0hZxLi8wFPMQij,Players,Players,Coi Leray,68,"new jersey underground rap, trap queen",0.948,0.512,6,-5.74,0,0.146,0.0269,8.57e-06,0.0504,0.599,105.004,audio_features,spotify:track:6UN73IYd0hZxLi8wFPMQij,https://api.spotify.com/v1/tracks/6UN73IYd0hZxLi8wFPMQij,https://api.spotify.com/v1/audio-analysis/6UN73IYd0hZxLi8wFPMQij,2.326,4
ENHYPEN_Bite_Me.txt,7mpdNiaQvygj2rHoxkzMfa,DARK BLOOD,Bite Me,ENHYPEN,75,"anime, k-pop boy group",0.795,0.781,1,-4.647,1,0.141,0.285,0.0,0.108,0.687,104.972,audio_features,spotify:track:7mpdNiaQvygj2rHoxkzMfa,https://api.spotify.com/v1/tracks/7mpdNiaQvygj2rHoxkzMfa,https://api.spotify.com/v1/audio-analysis/7mpdNiaQvygj2rHoxkzMfa,2.62553333333333,4
Lil_Durk_Stand_By_Me_(feat._Morgan_Wallen).txt,1fXnu2HzxbDtoyvFPWG3Bw,Almost Healed,Stand By Me (feat. Morgan Wallen),"Lil Durk, Morgan Wallen",69,"chicago drill, chicago rap, drill, hip hop, pop rap, rap, trap",0.71,0.701,11,-5.415,1,0.0317,0.0105,0.0,0.178,0.564,134.039,audio_features,spotify:track:1fXnu2HzxbDtoyvFPWG3Bw,https://api.spotify.com/v1/tracks/1fXnu2HzxbDtoyvFPWG3Bw,https://api.spotify.com/v1/audio-analysis/1fXnu2HzxbDtoyvFPWG3Bw,3.6529,4
TYSM_Normal_No_More.txt,460WMeltK2dxce4qhcaCF7,Normal No More,Normal No More,TYSM,51,,0.773,0.533,7,-8.536,1,0.0481,0.545,0.000974,0.11,0.185,95.029,audio_features,spotify:track:460WMeltK2dxce4qhcaCF7,https://api.spotify.com/v1/tracks/460WMeltK2dxce4qhcaCF7,https://api.spotify.com/v1/audio-analysis/460WMeltK2dxce4qhcaCF7,3.32631666666667,4
Metro_Boomin_Hummingbird_(Metro_Boomin_&_James_Blake).txt,6HexNTb392JS071DoTGo0y,METRO BOOMIN PRESENTS SPIDER-MAN: ACROSS THE SPIDER-VERSE (SOUNDTRACK FROM AND INSPIRED BY THE MOTION PICTURE),Hummingbird (Metro Boomin & James Blake),"Metro Boomin, James Blake",64,rap,0.596,0.63,6,-7.807,1,0.102,0.378,0.00407,0.19,0.24,81.408,audio_features,spotify:track:6HexNTb392JS071DoTGo0y,https://api.spotify.com/v1/tracks/6HexNTb392JS071DoTGo0y,https://api.spotify.com/v1/audio-analysis/6HexNTb392JS071DoTGo0y,5.32488333333333,4
Israel_&_Rodolffo_Seu_Brilho_Sumiu_-_Ao_Vivo.txt,3PH1nUysW7ybo3Yu8sqlPN,"Let's Bora, Vol. 2 (Ao Vivo)",Seu Brilho Sumiu - Ao Vivo,"Israel & Rodolffo, Mari Fernandez",65,"agronejo, arrocha, sertanejo, sertanejo pop, sertanejo universitario",0.625,0.916,6,-3.704,1,0.0461,0.309,0.0,0.906,0.746,153.664,audio_features,spotify:track:3PH1nUysW7ybo3Yu8sqlPN,https://api.spotify.com/v1/tracks/3PH1nUysW7ybo3Yu8sqlPN,https://api.spotify.com/v1/audio-analysis/3PH1nUysW7ybo3Yu8sqlPN,2.814,4
Ed_Sheeran_Bad_Habits.txt,3rmo8F54jFF8OgYsqTxm5d,=,Bad Habits,Ed Sheeran,79,"pop, singer-songwriter pop, uk pop",0.807,0.893,11,-3.745,0,0.0347,0.0451,2.79e-05,0.366,0.537,126.011,audio_features,spotify:track:3rmo8F54jFF8OgYsqTxm5d,https://api.spotify.com/v1/tracks/3rmo8F54jFF8OgYsqTxm5d,https://api.spotify.com/v1/audio-analysis/3rmo8F54jFF8OgYsqTxm5d,3.84578333333333,4
Beyoncé_CUFF_IT.txt,3IHaiorYWOcr8Kzs85PWF7,RENAISSANCE,CUFF IT,Beyoncé,51,"pop, r&b",0.745,0.729,4,-5.573,0,0.221,0.0558,0.0,0.0589,0.629,115.028,audio_features,spotify:track:3IHaiorYWOcr8Kzs85PWF7,https://api.spotify.com/v1/tracks/3IHaiorYWOcr8Kzs85PWF7,https://api.spotify.com/v1/audio-analysis/3IHaiorYWOcr8Kzs85PWF7,3.75648333333333,4
6ix9ine_FEFE_(feat._Nicki_Minaj_&_Murda_Beatz).txt,43VXG87ajppI8mO1Mxo8vu,DUMMY BOY (Revised),FEFE (feat. Nicki Minaj & Murda Beatz),"6ix9ine, Nicki Minaj, Murda Beatz",67,emo rap,0.93,0.383,1,-9.34,1,0.409,0.0896,0.0,0.119,0.385,125.967,audio_features,spotify:track:43VXG87ajppI8mO1Mxo8vu,https://api.spotify.com/v1/tracks/43VXG87ajppI8mO1Mxo8vu,https://api.spotify.com/v1/audio-analysis/43VXG87ajppI8mO1Mxo8vu,2.99008333333333,4
Drake_Search_&_Rescue.txt,7aRCf5cLOFN1U7kvtChY1G,Search & Rescue,Search & Rescue,Drake,71,"canadian hip hop, canadian pop, hip hop, pop rap, rap",0.828,0.441,10,-8.562,0,0.0685,0.0757,8.68e-06,0.295,0.533,140.009,audio_features,spotify:track:7aRCf5cLOFN1U7kvtChY1G,https://api.spotify.com/v1/tracks/7aRCf5cLOFN1U7kvtChY1G,https://api.spotify.com/v1/audio-analysis/7aRCf5cLOFN1U7kvtChY1G,4.53521666666667,4
Beyoncé_AMERICA_HAS_A_PROBLEM_(feat._Kendrick_Lamar).txt,6l8mgVN9Xf1hiDIFGA6CTE,AMERICA HAS A PROBLEM (feat. Kendrick Lamar),AMERICA HAS A PROBLEM (feat. Kendrick Lamar),"Beyoncé, Kendrick Lamar",61,"pop, r&b",0.784,0.7,1,-5.289,1,0.0396,0.0112,1.76e-05,0.163,0.204,126.015,audio_features,spotify:track:6l8mgVN9Xf1hiDIFGA6CTE,https://api.spotify.com/v1/tracks/6l8mgVN9Xf1hiDIFGA6CTE,https://api.spotify.com/v1/audio-analysis/6l8mgVN9Xf1hiDIFGA6CTE,4.34936666666667,4
Taylor_Swift_Lavender_Haze.txt,5jQI2r1RdgtuT8S3iG8zFC,Midnights,Lavender Haze,Taylor Swift,74,pop,0.735,0.449,7,-10.56,0,0.0883,0.23,0.00126,0.132,0.0955,97.05,audio_features,spotify:track:5jQI2r1RdgtuT8S3iG8zFC,https://api.spotify.com/v1/tracks/5jQI2r1RdgtuT8S3iG8zFC,https://api.spotify.com/v1/audio-analysis/5jQI2r1RdgtuT8S3iG8zFC,3.37326666666667,4
Bad_Bunny_Efecto.txt,5Eax0qFko2dh7Rl2lYs3bx,Un Verano Sin Ti,Efecto,Bad Bunny,79,"reggaeton, trap latino, urbano latino",0.801,0.475,7,-8.797,0,0.0516,0.141,1.73e-05,0.0639,0.234,98.047,audio_features,spotify:track:5Eax0qFko2dh7Rl2lYs3bx,https://api.spotify.com/v1/tracks/5Eax0qFko2dh7Rl2lYs3bx,https://api.spotify.com/v1/audio-analysis/5Eax0qFko2dh7Rl2lYs3bx,3.55101666666667,4
Simone_Mendes_Erro_Gostoso_-_Ao_Vivo.txt,6vq7r1Pqd3pyI07u63cPZV,Cintilante (Ao Vivo / Vol.2),Erro Gostoso - Ao Vivo,Simone Mendes,67,"sertanejo, sertanejo universitario",0.588,0.893,6,-2.743,1,0.0866,0.176,0.0,0.803,0.626,153.778,audio_features,spotify:track:6vq7r1Pqd3pyI07u63cPZV,https://api.spotify.com/v1/tracks/6vq7r1Pqd3pyI07u63cPZV,https://api.spotify.com/v1/audio-analysis/6vq7r1Pqd3pyI07u63cPZV,2.9802,4
TINI_Cupido.txt,2xVcCDRgG3TrH69TatsUxp,Cupido,Cupido,TINI,64,"latin pop, latin viral pop, pop argentino",0.913,0.584,9,-5.263,1,0.223,0.521,5.36e-05,0.307,0.627,119.873,audio_features,spotify:track:2xVcCDRgG3TrH69TatsUxp,https://api.spotify.com/v1/tracks/2xVcCDRgG3TrH69TatsUxp,https://api.spotify.com/v1/audio-analysis/2xVcCDRgG3TrH69TatsUxp,2.90616666666667,4
Lil_Uzi_Vert_Just_Wanna_Rock.txt,4Ls53fBNVfaXTROBi6X8Hw,Pink Tape,Just Wanna Rock,Lil Uzi Vert,73,"hip hop, melodic rap, philly rap, rage rap, rap, trap",0.485,0.545,11,-7.924,1,0.0336,0.0651,0.00547,0.0642,0.0385,150.185,audio_features,spotify:track:4Ls53fBNVfaXTROBi6X8Hw,https://api.spotify.com/v1/tracks/4Ls53fBNVfaXTROBi6X8Hw,https://api.spotify.com/v1/audio-analysis/4Ls53fBNVfaXTROBi6X8Hw,2.06485,4
Sia_Unstoppable.txt,1yvMUkIOTeUNtNWlWRgANS,This Is Acting (Deluxe Version),Unstoppable,Sia,77,pop,0.468,0.779,9,-4.839,1,0.0779,0.112,0.000373,0.101,0.26,173.799,audio_features,spotify:track:1yvMUkIOTeUNtNWlWRgANS,https://api.spotify.com/v1/tracks/1yvMUkIOTeUNtNWlWRgANS,https://api.spotify.com/v1/audio-analysis/1yvMUkIOTeUNtNWlWRgANS,3.62911666666667,4
Stephen_Sanchez_Until_I_Found_You.txt,0T5iIrXA4p5GsubkhuBIKV,Until I Found You,Until I Found You,Stephen Sanchez,76,gen z singer-songwriter,0.539,0.508,10,-6.05,1,0.0288,0.727,0.0,0.174,0.227,101.358,audio_features,spotify:track:0T5iIrXA4p5GsubkhuBIKV,https://api.spotify.com/v1/tracks/0T5iIrXA4p5GsubkhuBIKV,https://api.spotify.com/v1/audio-analysis/0T5iIrXA4p5GsubkhuBIKV,2.962,3
Drake_Rich_Flex.txt,1bDbXMyjaUIooNwFE9wn0N,Her Loss,Rich Flex,"Drake, 21 Savage",75,"canadian hip hop, canadian pop, hip hop, pop rap, rap",0.549,0.518,4,-9.39,0,0.257,0.0517,1.21e-06,0.378,0.418,160.07,audio_features,spotify:track:1bDbXMyjaUIooNwFE9wn0N,https://api.spotify.com/v1/tracks/1bDbXMyjaUIooNwFE9wn0N,https://api.spotify.com/v1/audio-analysis/1bDbXMyjaUIooNwFE9wn0N,3.98933333333333,4
Adele_Easy_On_Me.txt,0gplL1WMoJ6iYaPgMCL0gX,Easy On Me,Easy On Me,Adele,77,"british soul, pop, pop soul, uk pop",0.604,0.366,5,-7.519,1,0.0282,0.578,0.0,0.133,0.13,141.981,audio_features,spotify:track:0gplL1WMoJ6iYaPgMCL0gX,https://api.spotify.com/v1/tracks/0gplL1WMoJ6iYaPgMCL0gX,https://api.spotify.com/v1/audio-analysis/0gplL1WMoJ6iYaPgMCL0gX,3.74491666666667,4
Quality_Control_100_Racks_(Offset_feat._Playboi_Carti).txt,4T2dHb8XBYHlVj7Dyo1cW9,Quality Control: Control The Streets Volume 2,100 Racks (Offset feat. Playboi Carti),"Quality Control, Offset, Playboi Carti",61,"melodic rap, trap",0.939,0.632,1,-2.978,1,0.137,0.0606,0.00136,0.101,0.364,133.979,audio_features,spotify:track:4T2dHb8XBYHlVj7Dyo1cW9,https://api.spotify.com/v1/tracks/4T2dHb8XBYHlVj7Dyo1cW9,https://api.spotify.com/v1/audio-analysis/4T2dHb8XBYHlVj7Dyo1cW9,2.62741666666667,4
Offset_Danger_(Spider)_(Offset_&_JID).txt,3X6qK1LdMkSOhklwRa2ZfG,METRO BOOMIN PRESENTS SPIDER-MAN: ACROSS THE SPIDER-VERSE (SOUNDTRACK FROM AND INSPIRED BY THE MOTION PICTURE),Danger (Spider) (Offset & JID),"Offset, JID",57,"atl hip hop, hip hop, pop rap, rap, trap",0.836,0.692,8,-6.248,0,0.126,0.0335,0.000504,0.201,0.288,143.384,audio_features,spotify:track:3X6qK1LdMkSOhklwRa2ZfG,https://api.spotify.com/v1/tracks/3X6qK1LdMkSOhklwRa2ZfG,https://api.spotify.com/v1/audio-analysis/3X6qK1LdMkSOhklwRa2ZfG,3.42111666666667,4
Eminem_The_Real_Slim_Shady.txt,3yfqSUWxFvZELEM4PmlwIR,The Marshall Mathers LP,The Real Slim Shady,Eminem,84,"detroit hip hop, hip hop, rap",0.949,0.661,5,-4.244,0,0.0572,0.0302,0.0,0.0454,0.76,104.504,audio_features,spotify:track:3yfqSUWxFvZELEM4PmlwIR,https://api.spotify.com/v1/tracks/3yfqSUWxFvZELEM4PmlwIR,https://api.spotify.com/v1/audio-analysis/3yfqSUWxFvZELEM4PmlwIR,4.73666666666667,4
LiL_CaKe_MERCHO.txt,1DxEbt6OSbrkRthk6pjZue,MERCHO,MERCHO,"LiL CaKe, Migrantes, Nico Valdi",67,"trap argentino, trap triste",0.838,0.79,6,-1.602,0,0.108,0.431,3.33e-06,0.184,0.962,92.927,audio_features,spotify:track:1DxEbt6OSbrkRthk6pjZue,https://api.spotify.com/v1/tracks/1DxEbt6OSbrkRthk6pjZue,https://api.spotify.com/v1/audio-analysis/1DxEbt6OSbrkRthk6pjZue,2.69086666666667,4
Tory_Lanez_The_Color_Violet.txt,3azJifCSqg9fRij2yKIbWz,Alone At Prom,The Color Violet,Tory Lanez,83,"canadian hip hop, canadian trap, melodic rap, pop rap, r&b, rap, trap",0.645,0.534,6,-10.8,0,0.0479,0.157,0.0,0.0863,0.463,105.02,audio_features,spotify:track:3azJifCSqg9fRij2yKIbWz,https://api.spotify.com/v1/tracks/3azJifCSqg9fRij2yKIbWz,https://api.spotify.com/v1/audio-analysis/3azJifCSqg9fRij2yKIbWz,3.77445,4
Joji_Glimpse_of_Us.txt,6xGruZOHLs39ZbVccQTuPZ,Glimpse of Us,Glimpse of Us,Joji,77,viral pop,0.44,0.317,8,-9.258,1,0.0531,0.891,4.78e-06,0.141,0.268,169.914,audio_features,spotify:track:6xGruZOHLs39ZbVccQTuPZ,https://api.spotify.com/v1/tracks/6xGruZOHLs39ZbVccQTuPZ,https://api.spotify.com/v1/audio-analysis/6xGruZOHLs39ZbVccQTuPZ,3.89093333333333,3
Anuel_AA_Mejor_Que_Yo.txt,1VsHc0qIeyjYOyvN5HIEQG,Mejor Que Yo,Mejor Que Yo,"Anuel AA, DJ Luian, Mambo Kingz",60,"reggaeton, reggaeton flow, trap boricua, trap latino, urbano latino",0.624,0.655,1,-4.177,0,0.0547,0.18,0.0,0.116,0.565,178.083,audio_features,spotify:track:1VsHc0qIeyjYOyvN5HIEQG,https://api.spotify.com/v1/tracks/1VsHc0qIeyjYOyvN5HIEQG,https://api.spotify.com/v1/audio-analysis/1VsHc0qIeyjYOyvN5HIEQG,4.04495,4
Ed_Sheeran_Curtains.txt,6ZZf5a8oiInHDkBe9zXfLP,- (Deluxe),Curtains,Ed Sheeran,59,"pop, singer-songwriter pop, uk pop",0.504,0.762,2,-6.42,1,0.057,0.095,1.27e-06,0.338,0.44,176.013,audio_features,spotify:track:6ZZf5a8oiInHDkBe9zXfLP,https://api.spotify.com/v1/tracks/6ZZf5a8oiInHDkBe9zXfLP,https://api.spotify.com/v1/audio-analysis/6ZZf5a8oiInHDkBe9zXfLP,3.74673333333333,4
LE_SSERAFIM_UNFORGIVEN_(feat._Nile_Rodgers).txt,51vRumtqbkNW9wrKfESwfu,UNFORGIVEN,UNFORGIVEN (feat. Nile Rodgers),"LE SSERAFIM, Nile Rodgers",70,k-pop girl group,0.795,0.875,4,-4.079,0,0.0525,0.111,8.94e-05,0.107,0.375,104.008,audio_features,spotify:track:51vRumtqbkNW9wrKfESwfu,https://api.spotify.com/v1/tracks/51vRumtqbkNW9wrKfESwfu,https://api.spotify.com/v1/audio-analysis/51vRumtqbkNW9wrKfESwfu,3.03581666666667,4
Agust_D_Haegeum.txt,4bjN59DRXFRxBE1g5ne6B1,D-DAY,Haegeum,Agust D,84,k-rap,0.697,0.837,7,-2.651,1,0.304,0.313,0.0,0.471,0.831,85.097,audio_features,spotify:track:4bjN59DRXFRxBE1g5ne6B1,https://api.spotify.com/v1/tracks/4bjN59DRXFRxBE1g5ne6B1,https://api.spotify.com/v1/audio-analysis/4bjN59DRXFRxBE1g5ne6B1,2.81545,5
Mack_10_Connected_For_Life.txt,3AHduOpEg5sb3Z6h7urFdK,Bang Or Ball,Connected For Life,"Mack 10, Ice Cube, WC, Butch Cassidy",43,"g funk, gangster rap, west coast rap",0.89,0.696,2,-7.166,1,0.259,0.134,1.98e-06,0.1,0.761,94.833,audio_features,spotify:track:3AHduOpEg5sb3Z6h7urFdK,https://api.spotify.com/v1/tracks/3AHduOpEg5sb3Z6h7urFdK,https://api.spotify.com/v1/audio-analysis/3AHduOpEg5sb3Z6h7urFdK,4.39711666666667,4
KAROL_G_MIENTRAS_ME_CURO_DEL_CORA.txt,6otePxalBK8AVa20xhZYVQ,MAÑANA SERÁ BONITO,MIENTRAS ME CURO DEL CORA,KAROL G,79,"reggaeton, reggaeton colombiano, urbano latino",0.564,0.477,0,-6.786,1,0.388,0.852,0.0,0.142,0.57,80.891,audio_features,spotify:track:6otePxalBK8AVa20xhZYVQ,https://api.spotify.com/v1/tracks/6otePxalBK8AVa20xhZYVQ,https://api.spotify.com/v1/audio-analysis/6otePxalBK8AVa20xhZYVQ,2.73978333333333,4
Labrinth_Never_Felt_So_Alone.txt,2NbsBSshscKIPRG3kwBbfo,Never Felt So Alone,Never Felt So Alone,Labrinth,67,"indie poptimism, pop",0.436,0.409,5,-4.438,1,0.0533,0.499,0.000166,0.38,0.363,98.357,audio_features,spotify:track:2NbsBSshscKIPRG3kwBbfo,https://api.spotify.com/v1/tracks/2NbsBSshscKIPRG3kwBbfo,https://api.spotify.com/v1/audio-analysis/2NbsBSshscKIPRG3kwBbfo,2.66943333333333,3
KAROL_G_X_SI_VOLVEMOS.txt,3Zyk5Vd9WNPNVWxvb0EZTk,X SI VOLVEMOS,X SI VOLVEMOS,"KAROL G, Romeo Santos",64,"reggaeton, reggaeton colombiano, urbano latino",0.793,0.78,1,-4.247,0,0.249,0.341,0.0,0.111,0.576,178.046,audio_features,spotify:track:3Zyk5Vd9WNPNVWxvb0EZTk,https://api.spotify.com/v1/tracks/3Zyk5Vd9WNPNVWxvb0EZTk,https://api.spotify.com/v1/audio-analysis/3Zyk5Vd9WNPNVWxvb0EZTk,3.38933333333333,4
Lizzy_McAlpine_ceilings.txt,2L9N0zZnd37dwF0clgxMGI,five seconds flat,ceilings,Lizzy McAlpine,80,"alt z, boston folk, indie pop, singer-songwriter pop",0.516,0.322,9,-11.762,1,0.0292,0.473,0.00194,0.215,0.261,148.005,audio_features,spotify:track:2L9N0zZnd37dwF0clgxMGI,https://api.spotify.com/v1/tracks/2L9N0zZnd37dwF0clgxMGI,https://api.spotify.com/v1/audio-analysis/2L9N0zZnd37dwF0clgxMGI,3.04813333333333,3
FIFTY_FIFTY_Cupid.txt,3VqSRkq3jRpsSEBngUcY6a,The Beginning: Cupid,Cupid,FIFTY FIFTY,53,k-pop girl group,0.774,0.66,2,-8.2,1,0.0328,0.662,0.0,0.4,0.961,120.023,audio_features,spotify:track:3VqSRkq3jRpsSEBngUcY6a,https://api.spotify.com/v1/tracks/3VqSRkq3jRpsSEBngUcY6a,https://api.spotify.com/v1/audio-analysis/3VqSRkq3jRpsSEBngUcY6a,2.90421666666667,4
IVE_I_AM.txt,70t7Q6AYG6ZgTYmJWcnkUM,I've IVE,I AM,IVE,72,k-pop girl group,0.683,0.875,4,-4.866,0,0.0549,0.0115,0.0,0.084,0.384,122.002,audio_features,spotify:track:70t7Q6AYG6ZgTYmJWcnkUM,https://api.spotify.com/v1/tracks/70t7Q6AYG6ZgTYmJWcnkUM,https://api.spotify.com/v1/audio-analysis/70t7Q6AYG6ZgTYmJWcnkUM,3.06421666666667,4
Cartel_De_Santa_Shorty_Party.txt,55ZATsjPlTeSTNJOuW90pW,Shorty Party,Shorty Party,"Cartel De Santa, La Kelly",71,"latin hip hop, mexican hip hop",0.928,0.468,2,-8.196,1,0.364,0.328,4.27e-06,0.0986,0.47,96.006,audio_features,spotify:track:55ZATsjPlTeSTNJOuW90pW,https://api.spotify.com/v1/tracks/55ZATsjPlTeSTNJOuW90pW,https://api.spotify.com/v1/audio-analysis/55ZATsjPlTeSTNJOuW90pW,4.41666666666667,4
NLE_Choppa_SLUT_ME_OUT.txt,5BmB3OaQyYXCqRyN8iR2Yi,SLUT ME OUT,SLUT ME OUT,NLE Choppa,68,"memphis hip hop, rap",0.938,0.606,6,-6.396,0,0.419,0.117,0.0,0.528,0.706,121.108,audio_features,spotify:track:5BmB3OaQyYXCqRyN8iR2Yi,https://api.spotify.com/v1/tracks/5BmB3OaQyYXCqRyN8iR2Yi,https://api.spotify.com/v1/audio-analysis/5BmB3OaQyYXCqRyN8iR2Yi,2.06121666666667,4
The_Weeknd_Double_Fantasy_(with_Future).txt,4VMRsbfZzd3SfQtaJ1Wpwi,Double Fantasy,Double Fantasy (with Future),"The Weeknd, Future",69,"canadian contemporary r&b, canadian pop, pop",0.613,0.573,9,-7.277,0,0.0345,0.00572,2.58e-06,0.432,0.124,119.041,audio_features,spotify:track:4VMRsbfZzd3SfQtaJ1Wpwi,https://api.spotify.com/v1/tracks/4VMRsbfZzd3SfQtaJ1Wpwi,https://api.spotify.com/v1/audio-analysis/4VMRsbfZzd3SfQtaJ1Wpwi,4.47058333333333,4
Taylor_Swift_All_Of_The_Girls_You_Loved_Before.txt,4P9Q0GojKVXpRTJCaL3kyy,All Of The Girls You Loved Before,All Of The Girls You Loved Before,Taylor Swift,72,pop,0.729,0.467,2,-9.682,1,0.0419,0.71,4.53e-05,0.129,0.401,96.042,audio_features,spotify:track:4P9Q0GojKVXpRTJCaL3kyy,https://api.spotify.com/v1/tracks/4P9Q0GojKVXpRTJCaL3kyy,https://api.spotify.com/v1/audio-analysis/4P9Q0GojKVXpRTJCaL3kyy,3.69011666666667,3
KAROL_G_PROVENZA.txt,3HqcNJdZ2seoGxhn0wVNDK,MAÑANA SERÁ BONITO,PROVENZA,KAROL G,80,"reggaeton, reggaeton colombiano, urbano latino",0.863,0.502,1,-7.912,1,0.0496,0.61,0.00765,0.11,0.567,111.029,audio_features,spotify:track:3HqcNJdZ2seoGxhn0wVNDK,https://api.spotify.com/v1/tracks/3HqcNJdZ2seoGxhn0wVNDK,https://api.spotify.com/v1/audio-analysis/3HqcNJdZ2seoGxhn0wVNDK,3.46045,4
Ice_Spice_Princess_Diana_(with_Nicki_Minaj).txt,0ZxhtATQ0a6EvQNZ0z6NKV,Princess Diana (with Nicki Minaj),Princess Diana (with Nicki Minaj),"Ice Spice, Nicki Minaj",67,bronx drill,0.898,0.689,9,-5.092,1,0.171,0.165,0.0,0.0957,0.772,147.964,audio_features,spotify:track:0ZxhtATQ0a6EvQNZ0z6NKV,https://api.spotify.com/v1/tracks/0ZxhtATQ0a6EvQNZ0z6NKV,https://api.spotify.com/v1/audio-analysis/0ZxhtATQ0a6EvQNZ0z6NKV,2.86875,4
Grupo_Marca_Registrada_Di_Que_Si.txt,0kzN7YAMSbmlHOvxlbQW9y,Di Que Si,Di Que Si,"Grupo Marca Registrada, Grupo Frontera",64,"corrido, norteno, sad sierreno",0.57,0.589,9,-5.378,1,0.0488,0.0753,0.0,0.0582,0.796,182.318,audio_features,spotify:track:0kzN7YAMSbmlHOvxlbQW9y,https://api.spotify.com/v1/tracks/0kzN7YAMSbmlHOvxlbQW9y,https://api.spotify.com/v1/audio-analysis/0kzN7YAMSbmlHOvxlbQW9y,3.1759,4
Ed_Sheeran_Shivers.txt,7entdST7QGydL3yDhW03QN,Shivers (Acoustic Version),Shivers,Ed Sheeran,41,"pop, singer-songwriter pop, uk pop",0.788,0.859,2,-2.724,1,0.0856,0.281,0.0,0.0424,0.822,141.02,audio_features,spotify:track:7entdST7QGydL3yDhW03QN,https://api.spotify.com/v1/tracks/7entdST7QGydL3yDhW03QN,https://api.spotify.com/v1/audio-analysis/7entdST7QGydL3yDhW03QN,3.46421666666667,4
Clave_Especial_No_Son_Doritos.txt,2ss1LK5Kfnjo5EUaCbsgZM,No Son Doritos,No Son Doritos,"Clave Especial, Luis R Conriquez",81,corrido,0.783,0.834,3,-4.623,0,0.029,0.539,0.000212,0.0903,0.92,139.995,audio_features,spotify:track:2ss1LK5Kfnjo5EUaCbsgZM,https://api.spotify.com/v1/tracks/2ss1LK5Kfnjo5EUaCbsgZM,https://api.spotify.com/v1/audio-analysis/2ss1LK5Kfnjo5EUaCbsgZM,2.67856666666667,3
TAEYANG_Shoong!_(feat._LISA_of_BLACKPINK).txt,5HrIcZOo1DysX53qDRlRnt,Down to Earth,Shoong! (feat. LISA of BLACKPINK),"TAEYANG, LISA",63,"k-pop, korean r&b",0.765,0.71,11,-6.126,0,0.0549,0.0079,0.0,0.393,0.245,110.006,audio_features,spotify:track:5HrIcZOo1DysX53qDRlRnt,https://api.spotify.com/v1/tracks/5HrIcZOo1DysX53qDRlRnt,https://api.spotify.com/v1/audio-analysis/5HrIcZOo1DysX53qDRlRnt,3.41835,4
Raim_Laode_Komang.txt,654ZF6YNWjQS2NhwR3QnX7,Komang,Komang,Raim Laode,75,indonesian pop,0.696,0.413,7,-8.548,1,0.027,0.396,5.92e-05,0.0998,0.344,133.905,audio_features,spotify:track:654ZF6YNWjQS2NhwR3QnX7,https://api.spotify.com/v1/tracks/654ZF6YNWjQS2NhwR3QnX7,https://api.spotify.com/v1/audio-analysis/654ZF6YNWjQS2NhwR3QnX7,3.71178333333333,4
ManuyAle_Despechito_(Audio_oficial).txt,6OIIawuNUhwzCC5sJrmHJg,Despechito (Audio oficial),Despechito (Audio oficial),ManuyAle,0,,0.688,0.646,1,-7.549,0,0.0971,0.438,0.0,0.525,0.505,174.067,audio_features,spotify:track:6OIIawuNUhwzCC5sJrmHJg,https://api.spotify.com/v1/tracks/6OIIawuNUhwzCC5sJrmHJg,https://api.spotify.com/v1/audio-analysis/6OIIawuNUhwzCC5sJrmHJg,2.76033333333333,4
Meghan_Trainor_Made_You_Look.txt,0QHEIqNKsMoOY5urbzN48u,Takin' It Back,Made You Look,Meghan Trainor,80,"hip pop, pop",0.834,0.522,10,-3.574,1,0.0703,0.34,1.59e-06,0.0783,0.854,145.035,audio_features,spotify:track:0QHEIqNKsMoOY5urbzN48u,https://api.spotify.com/v1/tracks/0QHEIqNKsMoOY5urbzN48u,https://api.spotify.com/v1/audio-analysis/0QHEIqNKsMoOY5urbzN48u,2.2376,4
Lil_Uzi_Vert_Watch_This_-_ARIZONATEARS_Pluggnb_Remix.txt,0FA4wrjDJvJTTU8AepZTup,Watch This (ARIZONATEARS Pluggnb Remix),Watch This - ARIZONATEARS Pluggnb Remix,"Lil Uzi Vert, sped up nightcore, ARIZONATEARS",75,"hip hop, melodic rap, philly rap, rage rap, rap, trap",0.686,0.897,11,-7.18,0,0.0386,0.0103,0.103,0.153,0.355,129.975,audio_features,spotify:track:0FA4wrjDJvJTTU8AepZTup,https://api.spotify.com/v1/tracks/0FA4wrjDJvJTTU8AepZTup,https://api.spotify.com/v1/audio-analysis/0FA4wrjDJvJTTU8AepZTup,2.71898333333333,4
Morat_No_Se_Va.txt,4khWEpnaijN0G1x019Uzdr,Balas Perdidas,No Se Va,Morat,77,"colombian pop, latin viral pop",0.734,0.685,0,-5.37,1,0.0453,0.117,0.0,0.109,0.754,92.044,audio_features,spotify:track:4khWEpnaijN0G1x019Uzdr,https://api.spotify.com/v1/tracks/4khWEpnaijN0G1x019Uzdr,https://api.spotify.com/v1/audio-analysis/4khWEpnaijN0G1x019Uzdr,3.61255,4
Brytiago_Punto_G_-_(Remix).txt,2AoKiaQylcQaUwsJNKdJOo,"The Greatest Hits, Vol. I",Punto G - (Remix),"Brytiago, Farruko, Darell, Arcángel, De La Ghetto, Ñengo Flow",62,"reggaeton, trap latino, urbano latino",0.785,0.588,9,-4.518,0,0.118,0.216,0.0,0.11,0.301,140.089,audio_features,spotify:track:2AoKiaQylcQaUwsJNKdJOo,https://api.spotify.com/v1/tracks/2AoKiaQylcQaUwsJNKdJOo,https://api.spotify.com/v1/audio-analysis/2AoKiaQylcQaUwsJNKdJOo,7.43498333333333,4
TV_Girl_Blue_Hair.txt,39sDitIeCMrVX2QyXHY46t,Death of a Party Girl,Blue Hair,TV Girl,81,pov: indie,0.751,0.72,4,-6.376,1,0.0303,0.554,0.0497,0.258,0.884,135.73,audio_features,spotify:track:39sDitIeCMrVX2QyXHY46t,https://api.spotify.com/v1/tracks/39sDitIeCMrVX2QyXHY46t,https://api.spotify.com/v1/audio-analysis/39sDitIeCMrVX2QyXHY46t,3.61666666666667,4
INTERWORLD_METAMORPHOSIS.txt,2ksyzVfU0WJoBpu8otr4pz,METAMORPHOSIS,METAMORPHOSIS,INTERWORLD,77,phonk brasileiro,0.593,0.641,7,-12.727,0,0.0992,0.426,0.901,0.122,0.147,175.014,audio_features,spotify:track:2ksyzVfU0WJoBpu8otr4pz,https://api.spotify.com/v1/tracks/2ksyzVfU0WJoBpu8otr4pz,https://api.spotify.com/v1/audio-analysis/2ksyzVfU0WJoBpu8otr4pz,2.38065,4
JHAYCO_Mami_Chula.txt,4aJzxp3gimtAdgJn3DL776,Mami Chula,Mami Chula,"JHAYCO, Quevedo",61,"reggaeton, trap latino, urbano latino",0.796,0.701,7,-3.599,0,0.0447,0.215,0.0,0.0946,0.325,119.986,audio_features,spotify:track:4aJzxp3gimtAdgJn3DL776,https://api.spotify.com/v1/tracks/4aJzxp3gimtAdgJn3DL776,https://api.spotify.com/v1/audio-analysis/4aJzxp3gimtAdgJn3DL776,3.67666666666667,4
El_Chachito_En_Paris.txt,1Fuc3pBiPFxAeSJoO8tDh5,En Paris,En Paris,"El Chachito, Junior H",70,"corrido, corridos tumbados",0.702,0.483,3,-7.99,0,0.0524,0.366,0.000131,0.124,0.769,138.842,audio_features,spotify:track:1Fuc3pBiPFxAeSJoO8tDh5,https://api.spotify.com/v1/tracks/1Fuc3pBiPFxAeSJoO8tDh5,https://api.spotify.com/v1/audio-analysis/1Fuc3pBiPFxAeSJoO8tDh5,2.71325,3
Jimin_Set_Me_Free_Pt.2.txt,59hBR0BCtJsfIbV9VzCVAp,Set Me Free Pt.2,Set Me Free Pt.2,Jimin,67,k-pop,0.585,0.815,0,-4.165,0,0.0565,0.115,0.0,0.124,0.564,132.09,audio_features,spotify:track:59hBR0BCtJsfIbV9VzCVAp,https://api.spotify.com/v1/tracks/59hBR0BCtJsfIbV9VzCVAp,https://api.spotify.com/v1/audio-analysis/59hBR0BCtJsfIbV9VzCVAp,3.34883333333333,4
The_Weeknd_I_Was_Never_There.txt,1cKHdTo9u0ZymJdPGSh6nq,"My Dear Melancholy,",I Was Never There,"The Weeknd, Gesaffelstein",81,"canadian contemporary r&b, canadian pop, pop",0.323,0.737,10,-4.008,1,0.0335,0.14,0.000162,0.163,0.156,112.923,audio_features,spotify:track:1cKHdTo9u0ZymJdPGSh6nq,https://api.spotify.com/v1/tracks/1cKHdTo9u0ZymJdPGSh6nq,https://api.spotify.com/v1/audio-analysis/1cKHdTo9u0ZymJdPGSh6nq,4.01778333333333,4
Colde_Don't_ever_say_love_me_(feat._RM_of_BTS).txt,4UMKAWKI1ljNHNxkmAAch0,Love Part 2,Don't ever say love me (feat. RM of BTS),"Colde, RM",54,korean r&b,0.539,0.454,11,-7.096,0,0.0504,0.349,2.36e-06,0.374,0.211,144.867,audio_features,spotify:track:4UMKAWKI1ljNHNxkmAAch0,https://api.spotify.com/v1/tracks/4UMKAWKI1ljNHNxkmAAch0,https://api.spotify.com/v1/audio-analysis/4UMKAWKI1ljNHNxkmAAch0,3.58221666666667,4
BLACKPINK_Shut_Down.txt,0ARKW62l9uWIDYMZTUmJHF,BORN PINK,Shut Down,BLACKPINK,64,"k-pop, k-pop girl group, pop",0.814,0.704,0,-5.146,1,0.036,0.00291,0.0,0.182,0.621,110.056,audio_features,spotify:track:0ARKW62l9uWIDYMZTUmJHF,https://api.spotify.com/v1/tracks/0ARKW62l9uWIDYMZTUmJHF,https://api.spotify.com/v1/audio-analysis/0ARKW62l9uWIDYMZTUmJHF,2.93148333333333,3
Ñengo_Flow_Gato_de_Noche.txt,54ELExv56KCAB4UP9cOCzC,Gato de Noche,Gato de Noche,"Ñengo Flow, Bad Bunny",68,"reggaeton, trap latino, urbano latino",0.892,0.662,8,-3.894,1,0.162,0.169,1.24e-06,0.363,0.607,93.976,audio_features,spotify:track:54ELExv56KCAB4UP9cOCzC,https://api.spotify.com/v1/tracks/54ELExv56KCAB4UP9cOCzC,https://api.spotify.com/v1/audio-analysis/54ELExv56KCAB4UP9cOCzC,3.78355,4
The_Weeknd_Call_Out_My_Name.txt,1HCLJRFIChC0yk8aSTWXiC,"My Dear Melancholy,",Call Out My Name,The Weeknd,39,"canadian contemporary r&b, canadian pop, pop",0.462,0.595,1,-4.941,1,0.0355,0.168,0.0,0.299,0.171,134.173,audio_features,spotify:track:1HCLJRFIChC0yk8aSTWXiC,https://api.spotify.com/v1/tracks/1HCLJRFIChC0yk8aSTWXiC,https://api.spotify.com/v1/audio-analysis/1HCLJRFIChC0yk8aSTWXiC,3.80621666666667,3
Jimin_Like_Crazy.txt,0u8rZGtXJrLtiSe34FPjGG,FACE,Like Crazy (English Version),Jimin,63,k-pop,0.623,0.755,7,-5.386,1,0.0415,0.00306,0.0,0.387,0.32,119.957,audio_features,spotify:track:0u8rZGtXJrLtiSe34FPjGG,https://api.spotify.com/v1/tracks/0u8rZGtXJrLtiSe34FPjGG,https://api.spotify.com/v1/audio-analysis/0u8rZGtXJrLtiSe34FPjGG,3.53756666666667,4
Jimin_Like_Crazy_(English_Version).txt,0u8rZGtXJrLtiSe34FPjGG,FACE,Like Crazy (English Version),Jimin,63,k-pop,0.623,0.755,7,-5.386,1,0.0415,0.00306,0.0,0.387,0.32,119.957,audio_features,spotify:track:0u8rZGtXJrLtiSe34FPjGG,https://api.spotify.com/v1/tracks/0u8rZGtXJrLtiSe34FPjGG,https://api.spotify.com/v1/audio-analysis/0u8rZGtXJrLtiSe34FPjGG,3.53756666666667,4
Belanova_Rosa_Pastel.txt,3mU0DbuWtUX5KCaovOQZVK,Dulce Beat,Rosa Pastel,Belanova,78,"latin arena pop, latin pop, mexican pop",0.809,0.611,11,-7.054,0,0.0312,0.0188,0.011,0.43,0.627,127.997,audio_features,spotify:track:3mU0DbuWtUX5KCaovOQZVK,https://api.spotify.com/v1/tracks/3mU0DbuWtUX5KCaovOQZVK,https://api.spotify.com/v1/audio-analysis/3mU0DbuWtUX5KCaovOQZVK,3.09866666666667,4
Nicky_Youre_Sunroof.txt,5YqEzk3C5c3UZ1D5fJUlXA,Good Times Go,Sunroof,"Nicky Youre, dazy",82,singer-songwriter pop,0.768,0.714,10,-5.11,1,0.0401,0.352,0.0,0.15,0.842,131.443,audio_features,spotify:track:5YqEzk3C5c3UZ1D5fJUlXA,https://api.spotify.com/v1/tracks/5YqEzk3C5c3UZ1D5fJUlXA,https://api.spotify.com/v1/audio-analysis/5YqEzk3C5c3UZ1D5fJUlXA,2.7171,4
Five_For_Fighting_Superman_(It's_Not_Easy).txt,3TwtrR1yNLY1PMPsrGQpOp,America Town,Superman (It's Not Easy),Five For Fighting,65,"neo mellow, piano rock, pop rock",0.382,0.416,0,-9.303,1,0.0302,0.0733,0.0,0.0719,0.125,102.089,audio_features,spotify:track:3TwtrR1yNLY1PMPsrGQpOp,https://api.spotify.com/v1/tracks/3TwtrR1yNLY1PMPsrGQpOp,https://api.spotify.com/v1/audio-analysis/3TwtrR1yNLY1PMPsrGQpOp,3.69488333333333,4
Anuel_AA_Mas_Rica_Que_Ayer.txt,3XjvMZqm2AQ8thMCD6w9w2,Mas Rica Que Ayer,Mas Rica Que Ayer,"Anuel AA, Mambo Kingz, DJ Luian",68,"reggaeton, reggaeton flow, trap boricua, trap latino, urbano latino",0.818,0.666,11,-5.319,1,0.0759,0.343,0.0,0.0922,0.529,93.95,audio_features,spotify:track:3XjvMZqm2AQ8thMCD6w9w2,https://api.spotify.com/v1/tracks/3XjvMZqm2AQ8thMCD6w9w2,https://api.spotify.com/v1/audio-analysis/3XjvMZqm2AQ8thMCD6w9w2,3.31915,4
Agust_D_People_Pt.2_(feat._IU).txt,41JPN7pZMTp1sumBOHOzHd,D-DAY,People Pt.2 (feat. IU),"Agust D, IU",66,k-rap,0.729,0.574,7,-4.779,0,0.0589,0.391,0.0,0.319,0.438,88.94,audio_features,spotify:track:41JPN7pZMTp1sumBOHOzHd,https://api.spotify.com/v1/tracks/41JPN7pZMTp1sumBOHOzHd,https://api.spotify.com/v1/audio-analysis/41JPN7pZMTp1sumBOHOzHd,3.56658333333333,4
Feid_REMIX_EXCLUSIVO.txt,3eqCJfgJJs8iKx49KO12s3,REMIX EXCLUSIVO,REMIX EXCLUSIVO,Feid,68,"colombian pop, pop reggaeton, reggaeton, reggaeton colombiano, trap latino, urbano latino",0.651,0.557,5,-5.466,0,0.204,0.0358,0.0,0.154,0.711,87.063,audio_features,spotify:track:3eqCJfgJJs8iKx49KO12s3,https://api.spotify.com/v1/tracks/3eqCJfgJJs8iKx49KO12s3,https://api.spotify.com/v1/audio-analysis/3eqCJfgJJs8iKx49KO12s3,3.44911666666667,4
Tyler_DOGTOOTH.txt,6OfOzTitafSnsaunQLuNFw,CALL ME IF YOU GET LOST: The Estate Sale,DOGTOOTH,"Tyler, The Creator",71,"hip hop, rap",0.706,0.648,8,-6.348,1,0.324,0.505,0.0,0.215,0.802,77.533,audio_features,spotify:track:6OfOzTitafSnsaunQLuNFw,https://api.spotify.com/v1/tracks/6OfOzTitafSnsaunQLuNFw,https://api.spotify.com/v1/audio-analysis/6OfOzTitafSnsaunQLuNFw,2.68401666666667,4
Tate_McRae_exes.txt,4E63weMCaNZuGPEFMnuEi8,THINK LATER,exes,Tate McRae,83,pop,0.821,0.575,5,-6.57,0,0.0589,0.173,0.000242,0.114,0.611,136.962,audio_features,spotify:track:4E63weMCaNZuGPEFMnuEi8,https://api.spotify.com/v1/tracks/4E63weMCaNZuGPEFMnuEi8,https://api.spotify.com/v1/audio-analysis/4E63weMCaNZuGPEFMnuEi8,2.65668333333333,4
Tyler_SORRY_NOT_SORRY.txt,410ZZP746AQeiywhKvXWCo,CALL ME IF YOU GET LOST: The Estate Sale,SORRY NOT SORRY,"Tyler, The Creator",68,"hip hop, rap",0.481,0.797,6,-4.094,0,0.201,0.404,0.0,0.368,0.495,96.237,audio_features,spotify:track:410ZZP746AQeiywhKvXWCo,https://api.spotify.com/v1/tracks/410ZZP746AQeiywhKvXWCo,https://api.spotify.com/v1/audio-analysis/410ZZP746AQeiywhKvXWCo,3.43416666666667,3
DAY6_HAPPY.txt,1k68vKHNQXU5CHqcM7Yp7N,Fourever,HAPPY,DAY6,64,"k-pop, k-pop boy group",0.535,0.963,9,-3.363,1,0.0798,0.000873,0.0,0.137,0.614,80.002,audio_features,spotify:track:1k68vKHNQXU5CHqcM7Yp7N,https://api.spotify.com/v1/tracks/1k68vKHNQXU5CHqcM7Yp7N,https://api.spotify.com/v1/audio-analysis/1k68vKHNQXU5CHqcM7Yp7N,3.16556666666667,4
Kanii_I_Know_-_PR1SVX_Edit.txt,3vcLw8QA3yCOkrj9oLSZNs,I Know (PR1SVX Edit),I Know - PR1SVX Edit,"Kanii, PR1ISVX",66,"bedroom r&b, krushclub, sped up",0.674,0.759,11,-8.234,0,0.0695,0.0784,0.472,0.296,0.109,134.038,audio_features,spotify:track:3vcLw8QA3yCOkrj9oLSZNs,https://api.spotify.com/v1/tracks/3vcLw8QA3yCOkrj9oLSZNs,https://api.spotify.com/v1/audio-analysis/3vcLw8QA3yCOkrj9oLSZNs,2.23048333333333,4
Harry_Styles_Late_Night_Talking.txt,1qEmFfgcLObUfQm0j1W2CK,Harry's House,Late Night Talking,Harry Styles,76,pop,0.714,0.728,10,-4.595,1,0.0468,0.298,0.0,0.106,0.901,114.996,audio_features,spotify:track:1qEmFfgcLObUfQm0j1W2CK,https://api.spotify.com/v1/tracks/1qEmFfgcLObUfQm0j1W2CK,https://api.spotify.com/v1/audio-analysis/1qEmFfgcLObUfQm0j1W2CK,2.96591666666667,4
Zach_Bryan_Something_in_the_Orange.txt,3WMj8moIAXJhHsyLaqIIHI,Something in the Orange,Something in the Orange,Zach Bryan,85,classic oklahoma country,0.369,0.192,4,-12.151,0,0.04,0.555,8.35e-06,0.0954,0.148,175.212,audio_features,spotify:track:3WMj8moIAXJhHsyLaqIIHI,https://api.spotify.com/v1/tracks/3WMj8moIAXJhHsyLaqIIHI,https://api.spotify.com/v1/audio-analysis/3WMj8moIAXJhHsyLaqIIHI,3.80021666666667,3
Melanie_Martinez_VOID.txt,6wmKvtSmyTqHNo44OBXVN1,PORTALS,VOID,Melanie Martinez,57,"alt z, electropop, pop",0.715,0.656,9,-7.257,1,0.0421,0.178,0.0378,0.186,0.415,99.996,audio_features,spotify:track:6wmKvtSmyTqHNo44OBXVN1,https://api.spotify.com/v1/tracks/6wmKvtSmyTqHNo44OBXVN1,https://api.spotify.com/v1/audio-analysis/6wmKvtSmyTqHNo44OBXVN1,4.13123333333333,4
Chino_Pacas_Dijeron_Que_No_La_Iba_Lograr.txt,2VhYFNgH2oNn4N92YGwLnu,Dijeron Que No La Iba Lograr,Dijeron Que No La Iba Lograr,"Chino Pacas, Fuerza Regida",68,corrido,0.705,0.792,7,-6.794,0,0.0656,0.261,0.0,0.106,0.762,142.219,audio_features,spotify:track:2VhYFNgH2oNn4N92YGwLnu,https://api.spotify.com/v1/tracks/2VhYFNgH2oNn4N92YGwLnu,https://api.spotify.com/v1/audio-analysis/2VhYFNgH2oNn4N92YGwLnu,1.88366666666667,3
Taylor_Swift_Midnight_Rain.txt,3rWDp9tBPQR9z6U5YyRSK4,Midnights,Midnight Rain,Taylor Swift,75,pop,0.604,0.375,0,-11.637,1,0.0633,0.71,5.87e-05,0.116,0.203,137.651,audio_features,spotify:track:3rWDp9tBPQR9z6U5YyRSK4,https://api.spotify.com/v1/tracks/3rWDp9tBPQR9z6U5YyRSK4,https://api.spotify.com/v1/audio-analysis/3rWDp9tBPQR9z6U5YyRSK4,2.91305,4
Mae_Stephens_If_We_Ever_Broke_Up.txt,2tS6XYHDEuhj2KY4OiVtPb,If We Ever Broke Up (goddard. Remix),If We Ever Broke Up,Mae Stephens,4,singer-songwriter pop,0.915,0.729,7,-4.093,1,0.0486,0.607,1.73e-05,0.093,0.89,115.98,audio_features,spotify:track:2tS6XYHDEuhj2KY4OiVtPb,https://api.spotify.com/v1/tracks/2tS6XYHDEuhj2KY4OiVtPb,https://api.spotify.com/v1/audio-analysis/2tS6XYHDEuhj2KY4OiVtPb,2.37931666666667,4
Morgan_Wallen_You_Proof.txt,5W4kiM2cUYBJXKRudNyxjW,One Thing At A Time,You Proof,Morgan Wallen,79,contemporary country,0.728,0.818,9,-5.068,1,0.0329,0.323,0.0,0.582,0.681,119.706,audio_features,spotify:track:5W4kiM2cUYBJXKRudNyxjW,https://api.spotify.com/v1/tracks/5W4kiM2cUYBJXKRudNyxjW,https://api.spotify.com/v1/audio-analysis/5W4kiM2cUYBJXKRudNyxjW,2.62463333333333,4
Mora_LA_INOCENTE.txt,5jt25aFjW2kNoBqaEVaz5W,MICRODOSIS,LA INOCENTE,"Mora, Feid",78,"trap latino, urbano latino",0.757,0.789,5,-3.46,0,0.0583,0.307,0.0,0.0717,0.464,91.911,audio_features,spotify:track:5jt25aFjW2kNoBqaEVaz5W,https://api.spotify.com/v1/tracks/5jt25aFjW2kNoBqaEVaz5W,https://api.spotify.com/v1/audio-analysis/5jt25aFjW2kNoBqaEVaz5W,3.36956666666667,4
La_Receta_Malas_Decisiones.txt,2iO3N5docEHN5irGJRVoqA,Corridos Aesthetic,Malas Decisiones,La Receta,61,"corrido, musica sinaloense, sierreno",0.658,0.761,5,-4.673,0,0.0753,0.517,0.0,0.12,0.819,199.937,audio_features,spotify:track:2iO3N5docEHN5irGJRVoqA,https://api.spotify.com/v1/tracks/2iO3N5docEHN5irGJRVoqA,https://api.spotify.com/v1/audio-analysis/2iO3N5docEHN5irGJRVoqA,3.47355,4
Kordhell_Murder_In_My_Mind.txt,6qyS9qBy0mEk3qYaH8mPss,Murder In My Mind,Murder In My Mind,Kordhell,75,drift phonk,0.712,0.972,10,-0.514,1,0.112,0.00547,7.06e-05,0.128,0.568,119.966,audio_features,spotify:track:6qyS9qBy0mEk3qYaH8mPss,https://api.spotify.com/v1/tracks/6qyS9qBy0mEk3qYaH8mPss,https://api.spotify.com/v1/audio-analysis/6qyS9qBy0mEk3qYaH8mPss,2.41666666666667,4
Coolio_Gangsta's_Paradise.txt,1DIXPcTDzTj8ZMHt3PDt8p,Gangsta's Paradise,Gangsta's Paradise,"Coolio, L.V.",84,"g funk, gangster rap, hip hop, west coast rap",0.647,0.514,8,-10.05,1,0.0593,0.0655,0.0,0.398,0.386,79.975,audio_features,spotify:track:1DIXPcTDzTj8ZMHt3PDt8p,https://api.spotify.com/v1/tracks/1DIXPcTDzTj8ZMHt3PDt8p,https://api.spotify.com/v1/audio-analysis/1DIXPcTDzTj8ZMHt3PDt8p,4.01155,4
KAROL_G_CAIRO.txt,16dUQ4quIHDe4ZZ0wF1EMN,MAÑANA SERÁ BONITO,CAIRO,"KAROL G, Ovy On The Drums",74,"reggaeton, reggaeton colombiano, urbano latino",0.955,0.673,0,-3.99,0,0.338,0.446,0.00041,0.0975,0.484,115.035,audio_features,spotify:track:16dUQ4quIHDe4ZZ0wF1EMN,https://api.spotify.com/v1/tracks/16dUQ4quIHDe4ZZ0wF1EMN,https://api.spotify.com/v1/audio-analysis/16dUQ4quIHDe4ZZ0wF1EMN,3.31111666666667,4
The_Walters_I_Love_You_So.txt,4SqWKzw0CbA05TGszDgMlc,I Love You So,I Love You So,The Walters,86,"chicago indie, pov: indie",0.575,0.648,10,-4.891,1,0.0358,0.583,0.0,0.115,0.466,75.977,audio_features,spotify:track:4SqWKzw0CbA05TGszDgMlc,https://api.spotify.com/v1/tracks/4SqWKzw0CbA05TGszDgMlc,https://api.spotify.com/v1/audio-analysis/4SqWKzw0CbA05TGszDgMlc,2.67066666666667,4
Steve_Lacy_Dark_Red.txt,3cJjqvXbFwiWgnuWgoyhPM,Steve Lacy's Demo,Dark Red,Steve Lacy,59,afrofuturism,0.603,0.784,6,-4.023,1,0.062,0.446,8.32e-06,0.119,0.769,172.041,audio_features,spotify:track:3cJjqvXbFwiWgnuWgoyhPM,https://api.spotify.com/v1/tracks/3cJjqvXbFwiWgnuWgoyhPM,https://api.spotify.com/v1/audio-analysis/3cJjqvXbFwiWgnuWgoyhPM,2.88506666666667,4
James_Arthur_Say_You_Won't_Let_Go.txt,5uCax9HTNlzGybIStD3vDh,Back from the Edge,Say You Won't Let Go,James Arthur,84,"pop, talent show, uk pop",0.358,0.557,10,-7.398,1,0.059,0.695,0.0,0.0902,0.494,85.043,audio_features,spotify:track:5uCax9HTNlzGybIStD3vDh,https://api.spotify.com/v1/tracks/5uCax9HTNlzGybIStD3vDh,https://api.spotify.com/v1/audio-analysis/5uCax9HTNlzGybIStD3vDh,3.52445,4
The_Weeknd_The_Hills.txt,0ydruTZ2bBY3TNf2vd8J8q,Beauty Behind The Madness,The Hills,The Weeknd,48,"canadian contemporary r&b, canadian pop, pop",0.584,0.564,0,-7.108,0,0.0639,0.0743,2.5e-06,0.135,0.143,112.927,audio_features,spotify:track:0ydruTZ2bBY3TNf2vd8J8q,https://api.spotify.com/v1/tracks/0ydruTZ2bBY3TNf2vd8J8q,https://api.spotify.com/v1/audio-analysis/0ydruTZ2bBY3TNf2vd8J8q,4.03733333333333,4
Mac_DeMarco_Heart_To_Heart.txt,7EAMXbLcL0qXmciM5SwMh2,Here Comes The Cowboy,Heart To Heart,Mac DeMarco,81,"edmonton indie, lo-fi indie, pov: indie, slacker rock",0.901,0.136,8,-16.127,0,0.102,0.667,0.354,0.109,0.643,150.076,audio_features,spotify:track:7EAMXbLcL0qXmciM5SwMh2,https://api.spotify.com/v1/tracks/7EAMXbLcL0qXmciM5SwMh2,https://api.spotify.com/v1/audio-analysis/7EAMXbLcL0qXmciM5SwMh2,3.519,4
Cris_Mj_Marisola_-_Remix.txt,0NO2zL0kw8sGGnaMvHKAZF,Marisola (Remix),Marisola - Remix,"Cris Mj, Duki, Nicki Nicole, Standly, Stars Music Chile",72,"mambo chileno, trap latino, urbano chileno, urbano latino",0.765,0.872,1,-5.863,1,0.0498,0.173,5.65e-06,0.0749,0.722,94.999,audio_features,spotify:track:0NO2zL0kw8sGGnaMvHKAZF,https://api.spotify.com/v1/tracks/0NO2zL0kw8sGGnaMvHKAZF,https://api.spotify.com/v1/audio-analysis/0NO2zL0kw8sGGnaMvHKAZF,3.9579,4
Rauw_Alejandro_LOKERA.txt,1aUq8rjW1EwkAkMri4VfJy,SATURNO,LOKERA,"Rauw Alejandro, Lyanno, Brray",78,"puerto rican pop, reggaeton, trap latino, urbano latino",0.836,0.826,11,-2.66,0,0.0461,0.213,6.03e-06,0.0814,0.579,102.025,audio_features,spotify:track:1aUq8rjW1EwkAkMri4VfJy,https://api.spotify.com/v1/tracks/1aUq8rjW1EwkAkMri4VfJy,https://api.spotify.com/v1/audio-analysis/1aUq8rjW1EwkAkMri4VfJy,3.28501666666667,4
SZA_Low.txt,2GAhgAjOhEmItWLfgisyOn,SOS,Low,SZA,76,"pop, r&b, rap",0.698,0.546,0,-7.234,0,0.0559,0.425,0.00314,0.16,0.335,145.044,audio_features,spotify:track:2GAhgAjOhEmItWLfgisyOn,https://api.spotify.com/v1/tracks/2GAhgAjOhEmItWLfgisyOn,https://api.spotify.com/v1/audio-analysis/2GAhgAjOhEmItWLfgisyOn,3.018,4
Em_Beihold_Numb_Little_Bug.txt,3o9kpgkIcffx0iSwxhuNI2,Numb Little Bug,Numb Little Bug,Em Beihold,67,"alt z, gen z singer-songwriter",0.742,0.527,8,-6.892,0,0.0769,0.327,0.0,0.25,0.638,84.974,audio_features,spotify:track:3o9kpgkIcffx0iSwxhuNI2,https://api.spotify.com/v1/tracks/3o9kpgkIcffx0iSwxhuNI2,https://api.spotify.com/v1/audio-analysis/3o9kpgkIcffx0iSwxhuNI2,2.82063333333333,4
Gorillaz_Tormenta_(feat._Bad_Bunny).txt,38UYeBLfvpnDSG9GznZdnL,Cracker Island,Tormenta (feat. Bad Bunny),"Gorillaz, Bad Bunny",64,"alternative hip hop, modern rock, rock",0.644,0.771,0,-6.475,1,0.0509,0.464,0.00162,0.382,0.316,94.997,audio_features,spotify:track:38UYeBLfvpnDSG9GznZdnL,https://api.spotify.com/v1/tracks/38UYeBLfvpnDSG9GznZdnL,https://api.spotify.com/v1/audio-analysis/38UYeBLfvpnDSG9GznZdnL,3.2244,4
j-hope_on_the_street_(with_J._Cole).txt,5wxYxygyHpbgv0EXZuqb9V,on the street (with J. Cole),on the street (with J. Cole),"j-hope, J. Cole",65,"k-pop, k-rap",0.681,0.821,11,-5.12,0,0.131,0.532,0.00111,0.0921,0.813,94.074,audio_features,spotify:track:5wxYxygyHpbgv0EXZuqb9V,https://api.spotify.com/v1/tracks/5wxYxygyHpbgv0EXZuqb9V,https://api.spotify.com/v1/audio-analysis/5wxYxygyHpbgv0EXZuqb9V,3.57835,4
Morgan_Wallen_One_Thing_At_A_Time.txt,6KGtAlYvgm4W9PoYabFAYE,One Thing At A Time (Sampler),One Thing At A Time,Morgan Wallen,60,contemporary country,0.614,0.913,7,-5.126,1,0.0296,0.0042,1.72e-06,0.26,0.92,141.982,audio_features,spotify:track:6KGtAlYvgm4W9PoYabFAYE,https://api.spotify.com/v1/tracks/6KGtAlYvgm4W9PoYabFAYE,https://api.spotify.com/v1/audio-analysis/6KGtAlYvgm4W9PoYabFAYE,3.44775,4
Louis_Tomlinson_Miss_You.txt,3zxrecYFao03IrrcyFiaMU,Miss You,Miss You,Louis Tomlinson,59,pop,0.541,0.69,3,-5.391,1,0.206,0.0216,0.0,0.257,0.681,180.239,audio_features,spotify:track:3zxrecYFao03IrrcyFiaMU,https://api.spotify.com/v1/tracks/3zxrecYFao03IrrcyFiaMU,https://api.spotify.com/v1/audio-analysis/3zxrecYFao03IrrcyFiaMU,3.03376666666667,3
Morgan_Wallen_Ain’t_That_Some.txt,2YVlDlk2zRceefo6XlC6DX,One Thing At A Time,Ain’t That Some,Morgan Wallen,76,contemporary country,0.64,0.811,6,-5.834,0,0.0279,0.00154,9.34e-06,0.363,0.686,121.089,audio_features,spotify:track:2YVlDlk2zRceefo6XlC6DX,https://api.spotify.com/v1/tracks/2YVlDlk2zRceefo6XlC6DX,https://api.spotify.com/v1/audio-analysis/2YVlDlk2zRceefo6XlC6DX,2.6334,4
Morgan_Wallen_Thinkin’_Bout_Me.txt,0PAcdVzhPO4gq1Iym9ESnK,One Thing At A Time,Thinkin’ Bout Me,Morgan Wallen,81,contemporary country,0.659,0.789,3,-5.723,0,0.0293,0.487,0.0,0.115,0.468,139.982,audio_features,spotify:track:0PAcdVzhPO4gq1Iym9ESnK,https://api.spotify.com/v1/tracks/0PAcdVzhPO4gq1Iym9ESnK,https://api.spotify.com/v1/audio-analysis/0PAcdVzhPO4gq1Iym9ESnK,2.95646666666667,4
Don_Toliver_Private_Landing_(feat._Justin_Bieber_&_Future).txt,52NGJPcLUzQq5w7uv4e5gf,Love Sick,Private Landing (feat. Justin Bieber & Future),"Don Toliver, Justin Bieber, Future",74,rap,0.858,0.641,1,-4.31,0,0.0954,0.111,2.12e-05,0.109,0.445,136.991,audio_features,spotify:track:52NGJPcLUzQq5w7uv4e5gf,https://api.spotify.com/v1/tracks/52NGJPcLUzQq5w7uv4e5gf,https://api.spotify.com/v1/audio-analysis/52NGJPcLUzQq5w7uv4e5gf,3.97088333333333,4
Morgan_Wallen_Everything_I_Love.txt,0cv6mTbrqr8vxGC31NjKtM,3 Songs At A Time Sampler,Everything I Love,Morgan Wallen,59,contemporary country,0.567,0.841,8,-3.933,1,0.0263,0.00543,0.000922,0.137,0.712,103.982,audio_features,spotify:track:0cv6mTbrqr8vxGC31NjKtM,https://api.spotify.com/v1/tracks/0cv6mTbrqr8vxGC31NjKtM,https://api.spotify.com/v1/audio-analysis/0cv6mTbrqr8vxGC31NjKtM,3.11745,4
TOMORROW_X_TOGETHER_Heaven.txt,27VnLN3KUpvEdKI8n1Zyid,The Star Chapter: SANCTUARY,Heaven,TOMORROW X TOGETHER,72,"k-pop, k-pop boy group",0.753,0.66,4,-5.979,0,0.0535,0.199,0.0,0.194,0.881,121.948,audio_features,spotify:track:27VnLN3KUpvEdKI8n1Zyid,https://api.spotify.com/v1/tracks/27VnLN3KUpvEdKI8n1Zyid,https://api.spotify.com/v1/audio-analysis/27VnLN3KUpvEdKI8n1Zyid,2.58315,4
Central_Cee_LET_GO.txt,3zkyus0njMCL6phZmNNEeN,LET GO,LET GO,Central Cee,72,"melodic drill, r&drill",0.747,0.413,2,-11.197,0,0.488,0.848,0.0,0.17,0.481,146.05,audio_features,spotify:track:3zkyus0njMCL6phZmNNEeN,https://api.spotify.com/v1/tracks/3zkyus0njMCL6phZmNNEeN,https://api.spotify.com/v1/audio-analysis/3zkyus0njMCL6phZmNNEeN,2.90411666666667,4
Gigi_Perez_Sailor_Song.txt,2262bWmqomIaJXwCRHr13j,Sailor Song,Sailor Song,Gigi Perez,93,bedroom pop,0.494,0.413,11,-10.432,1,0.0254,0.682,6.72e-05,0.193,0.273,94.938,audio_features,spotify:track:2262bWmqomIaJXwCRHr13j,https://api.spotify.com/v1/tracks/2262bWmqomIaJXwCRHr13j,https://api.spotify.com/v1/audio-analysis/2262bWmqomIaJXwCRHr13j,3.53298333333333,4
Morgan_Wallen_I_Wrote_The_Book.txt,7phmBo7bB9I9YifAXqnlqV,One Thing At A Time,I Wrote The Book,Morgan Wallen,65,contemporary country,0.686,0.833,2,-3.768,1,0.0381,0.0619,3.76e-05,0.0657,0.833,143.965,audio_features,spotify:track:7phmBo7bB9I9YifAXqnlqV,https://api.spotify.com/v1/tracks/7phmBo7bB9I9YifAXqnlqV,https://api.spotify.com/v1/audio-analysis/7phmBo7bB9I9YifAXqnlqV,3.02945,4
Sachin-Jigar_Apna_Bana_Le.txt,4kLVbdUSLh3m2UcYRTt9CD,"Apna Bana Le (From ""Bhediya"")",Apna Bana Le,"Sachin-Jigar, Arijit Singh, Amitabh Bhattacharya",19,"filmi, gujarati pop, modern bollywood",0.586,0.562,9,-7.399,1,0.0267,0.803,5.52e-06,0.063,0.436,93.982,audio_features,spotify:track:4kLVbdUSLh3m2UcYRTt9CD,https://api.spotify.com/v1/tracks/4kLVbdUSLh3m2UcYRTt9CD,https://api.spotify.com/v1/audio-analysis/4kLVbdUSLh3m2UcYRTt9CD,4.3617,4
ThxSoMch_SPIT_IN_MY_FACE!.txt,1N8TTK1Uoy7UvQNUazfUt5,SPIT IN MY FACE!,SPIT IN MY FACE!,ThxSoMch,77,bedroom r&b,0.73,0.785,8,-6.512,1,0.0554,0.0464,0.0216,0.111,0.649,94.094,audio_features,spotify:track:1N8TTK1Uoy7UvQNUazfUt5,https://api.spotify.com/v1/tracks/1N8TTK1Uoy7UvQNUazfUt5,https://api.spotify.com/v1/audio-analysis/1N8TTK1Uoy7UvQNUazfUt5,2.46458333333333,4
Quevedo_PLAYA_DEL_INGLÉS.txt,0Sfn2TYbpQtCGMBf6C0Y6T,DONDE QUIERO ESTAR,PLAYA DEL INGLÉS,"Quevedo, Myke Towers",73,"rap canario, trap latino, urbano latino",0.793,0.736,7,-3.254,0,0.0469,0.0822,0.0,0.109,0.656,112.993,audio_features,spotify:track:0Sfn2TYbpQtCGMBf6C0Y6T,https://api.spotify.com/v1/tracks/0Sfn2TYbpQtCGMBf6C0Y6T,https://api.spotify.com/v1/audio-analysis/0Sfn2TYbpQtCGMBf6C0Y6T,3.95875,4
Morgan_Wallen_Man_Made_A_Bar_(feat._Eric_Church).txt,73zawW1ttszLRgT9By826D,One Thing At A Time,Man Made A Bar (feat. Eric Church),"Morgan Wallen, Eric Church",73,contemporary country,0.501,0.769,4,-5.005,1,0.0298,0.125,0.000184,0.12,0.451,148.006,audio_features,spotify:track:73zawW1ttszLRgT9By826D,https://api.spotify.com/v1/tracks/73zawW1ttszLRgT9By826D,https://api.spotify.com/v1/audio-analysis/73zawW1ttszLRgT9By826D,3.18718333333333,4
Nicki_Minaj_Red_Ruby_Da_Sleeze.txt,3fhvnn5xALwA2htzljsU1v,Pink Friday 2,Red Ruby Da Sleeze,Nicki Minaj,59,"hip pop, pop, queens hip hop, rap",0.622,0.738,1,-6.235,1,0.261,0.108,0.0,0.11,0.313,100.655,audio_features,spotify:track:3fhvnn5xALwA2htzljsU1v,https://api.spotify.com/v1/tracks/3fhvnn5xALwA2htzljsU1v,https://api.spotify.com/v1/audio-analysis/3fhvnn5xALwA2htzljsU1v,3.57408333333333,4
Kaifi_Khalil_Kahani_Suno_2.0.txt,4VsP4Dm8gsibRxB5I2hEkw,Kahani Suno 2.0,Kahani Suno 2.0,Kaifi Khalil,71,"balochi pop, pakistani pop",0.577,0.379,11,-13.235,1,0.0374,0.909,0.000586,0.0986,0.26,139.585,audio_features,spotify:track:4VsP4Dm8gsibRxB5I2hEkw,https://api.spotify.com/v1/tracks/4VsP4Dm8gsibRxB5I2hEkw,https://api.spotify.com/v1/audio-analysis/4VsP4Dm8gsibRxB5I2hEkw,2.89396666666667,3
SZA_Nobody_Gets_Me.txt,0impvergaW8CuQS2OcEWMu,SOS,Nobody Gets Me,SZA,56,"pop, r&b, rap",0.376,0.279,7,-8.166,1,0.0285,0.801,0.0,0.157,0.312,100.69,audio_features,spotify:track:0impvergaW8CuQS2OcEWMu,https://api.spotify.com/v1/tracks/0impvergaW8CuQS2OcEWMu,https://api.spotify.com/v1/audio-analysis/0impvergaW8CuQS2OcEWMu,3.01421666666667,4
Los_Caminantes_Pero_Tienes_Que_Partir.txt,4mb5yaNacxe50Vo3TflCr4,Dos Cartas y Una Flor,Pero Tienes Que Partir,Los Caminantes,21,"grupera, gruperas inmortales, musica mexicana, norteno, ranchera",0.507,0.482,10,-15.486,1,0.0471,0.325,0.0,0.353,0.679,184.223,audio_features,spotify:track:4mb5yaNacxe50Vo3TflCr4,https://api.spotify.com/v1/tracks/4mb5yaNacxe50Vo3TflCr4,https://api.spotify.com/v1/audio-analysis/4mb5yaNacxe50Vo3TflCr4,3.27666666666667,4
NewJeans_Hype_Boy.txt,0a4MMyCrzT0En247IhqZbD,NewJeans 1st EP 'New Jeans',Hype Boy,NewJeans,76,"k-pop, k-pop girl group",0.593,0.935,4,-3.43,0,0.225,0.268,0.0,0.286,0.783,99.976,audio_features,spotify:track:0a4MMyCrzT0En247IhqZbD,https://api.spotify.com/v1/tracks/0a4MMyCrzT0En247IhqZbD,https://api.spotify.com/v1/audio-analysis/0a4MMyCrzT0En247IhqZbD,2.98378333333333,4
Lady_Gaga_Bloody_Mary.txt,11BKm0j4eYoCPPpCONAVwA,Born This Way (Special Edition),Bloody Mary,Lady Gaga,72,"art pop, dance pop, pop",0.591,0.634,9,-6.365,0,0.0291,0.0107,1.95e-06,0.113,0.44,99.998,audio_features,spotify:track:11BKm0j4eYoCPPpCONAVwA,https://api.spotify.com/v1/tracks/11BKm0j4eYoCPPpCONAVwA,https://api.spotify.com/v1/audio-analysis/11BKm0j4eYoCPPpCONAVwA,4.07933333333333,4
Low_Barrio_1613_La_monotonia.txt,7d2WM9R9hYTEc1DsinIE3M,Low Barrio 1613 2021,La monotonia,Low Barrio 1613,1,,0.626,0.897,4,-5.966,0,0.302,0.238,0.0,0.392,0.756,78.53,audio_features,spotify:track:7d2WM9R9hYTEc1DsinIE3M,https://api.spotify.com/v1/tracks/7d2WM9R9hYTEc1DsinIE3M,https://api.spotify.com/v1/audio-analysis/7d2WM9R9hYTEc1DsinIE3M,3.86863333333333,1
The_Bravery_Believe.txt,4Wvr1YaxNsCujq77dKujys,The Sun And The Moon,Believe,The Bravery,54,"dance-punk, indie rock, modern rock",0.385,0.949,8,-3.369,1,0.0459,0.00501,2.13e-06,0.113,0.517,166.137,audio_features,spotify:track:4Wvr1YaxNsCujq77dKujys,https://api.spotify.com/v1/tracks/4Wvr1YaxNsCujq77dKujys,https://api.spotify.com/v1/audio-analysis/4Wvr1YaxNsCujq77dKujys,3.77245,4
Quevedo_WANDA.txt,0Iozrbed8spxoBnmtBMshO,DONDE QUIERO ESTAR,WANDA,Quevedo,71,"rap canario, trap latino, urbano latino",0.719,0.657,4,-4.372,0,0.0666,0.285,0.0,0.259,0.954,176.031,audio_features,spotify:track:0Iozrbed8spxoBnmtBMshO,https://api.spotify.com/v1/tracks/0Iozrbed8spxoBnmtBMshO,https://api.spotify.com/v1/audio-analysis/0Iozrbed8spxoBnmtBMshO,2.68181666666667,4
Morgan_Wallen_Thought_You_Should_Know.txt,3Qu3Zh4WTKhP9GEXo0aDnb,One Thing At A Time,Thought You Should Know,Morgan Wallen,73,contemporary country,0.537,0.701,6,-6.214,1,0.0264,0.48,6.65e-06,0.145,0.552,139.995,audio_features,spotify:track:3Qu3Zh4WTKhP9GEXo0aDnb,https://api.spotify.com/v1/tracks/3Qu3Zh4WTKhP9GEXo0aDnb,https://api.spotify.com/v1/audio-analysis/3Qu3Zh4WTKhP9GEXo0aDnb,3.59286666666667,4
Linkin_Park_In_the_End.txt,60a0Rd6pjrkxjPbaKzXjfq,Hybrid Theory (Bonus Edition),In the End,Linkin Park,87,"alternative metal, nu metal, post-grunge, rap metal, rock",0.556,0.864,3,-5.87,0,0.0584,0.00958,0.0,0.209,0.4,105.143,audio_features,spotify:track:60a0Rd6pjrkxjPbaKzXjfq,https://api.spotify.com/v1/tracks/60a0Rd6pjrkxjPbaKzXjfq,https://api.spotify.com/v1/audio-analysis/60a0Rd6pjrkxjPbaKzXjfq,3.61466666666667,4
Leo_Santana_Zona_De_Perigo.txt,1jHgfC8T5KxUyC5Ldw6lk9,Zona De Perigo,Zona De Perigo,Leo Santana,62,"arrocha, axe, forro, pagode baiano, pop nacional",0.805,0.767,5,-5.612,1,0.0349,0.748,1.66e-05,0.35,0.97,135.06,audio_features,spotify:track:1jHgfC8T5KxUyC5Ldw6lk9,https://api.spotify.com/v1/tracks/1jHgfC8T5KxUyC5Ldw6lk9,https://api.spotify.com/v1/audio-analysis/1jHgfC8T5KxUyC5Ldw6lk9,2.3692,4
Rachel_Reis_Lovezinho.txt,0k1iYoftTitXVTP2QgYjzk,Meu Esquema,Lovezinho,Rachel Reis,38,"musica baiana, musica feirense, nova mpb, pop lgbtq+ brasileira",0.662,0.793,7,-7.613,0,0.0372,0.609,0.0433,0.194,0.691,99.99,audio_features,spotify:track:0k1iYoftTitXVTP2QgYjzk,https://api.spotify.com/v1/tracks/0k1iYoftTitXVTP2QgYjzk,https://api.spotify.com/v1/audio-analysis/0k1iYoftTitXVTP2QgYjzk,2.65245,4
Post_Malone_I_Like_You_(A_Happier_Song)_(with_Doja_Cat).txt,0O6u0VJ46W86TxN9wgyqDj,Twelve Carat Toothache,I Like You (A Happier Song) (with Doja Cat),"Post Malone, Doja Cat",75,"dfw rap, melodic rap, pop, rap",0.733,0.67,5,-6.009,1,0.0751,0.121,0.0,0.121,0.472,100.964,audio_features,spotify:track:0O6u0VJ46W86TxN9wgyqDj,https://api.spotify.com/v1/tracks/0O6u0VJ46W86TxN9wgyqDj,https://api.spotify.com/v1/audio-analysis/0O6u0VJ46W86TxN9wgyqDj,3.21401666666667,4
Bad_Bunny_Neverita.txt,31i56LZnwE6uSu3exoHjtB,Un Verano Sin Ti,Neverita,Bad Bunny,75,"reggaeton, trap latino, urbano latino",0.876,0.498,10,-7.511,1,0.0478,0.0706,0.0,0.143,0.428,122.016,audio_features,spotify:track:31i56LZnwE6uSu3exoHjtB,https://api.spotify.com/v1/tracks/31i56LZnwE6uSu3exoHjtB,https://api.spotify.com/v1/audio-analysis/31i56LZnwE6uSu3exoHjtB,2.88531666666667,4
Quevedo_VISTA_AL_MAR.txt,5q86iSKkBtOoNkdgEDY5WV,DONDE QUIERO ESTAR,VISTA AL MAR,Quevedo,74,"rap canario, trap latino, urbano latino",0.759,0.561,0,-5.643,0,0.131,0.803,0.121,0.101,0.491,104.915,audio_features,spotify:track:5q86iSKkBtOoNkdgEDY5WV,https://api.spotify.com/v1/tracks/5q86iSKkBtOoNkdgEDY5WV,https://api.spotify.com/v1/audio-analysis/5q86iSKkBtOoNkdgEDY5WV,3.01121666666667,4
Imagine_Dragons_Enemy_(with_JID)_-_from_the_series_Arcane_League_of_Legends.txt,3CIyK1V4JEJkg02E4EJnDl,Mercury - Acts 1 & 2,Enemy (with JID) - from the series Arcane League of Legends,"Imagine Dragons, JID, Arcane, League of Legends",79,"modern rock, pop, rock",0.728,0.783,11,-4.424,0,0.266,0.237,0.0,0.434,0.555,77.011,audio_features,spotify:track:3CIyK1V4JEJkg02E4EJnDl,https://api.spotify.com/v1/tracks/3CIyK1V4JEJkg02E4EJnDl,https://api.spotify.com/v1/audio-analysis/3CIyK1V4JEJkg02E4EJnDl,2.88968333333333,4
Dara_Reneé_Perfect_Revenge.txt,60UNcOiHERCGTo9qsssH2K,Descendants: The Rise of Red (Original Soundtrack),Perfect Revenge,"Dara Reneé, Anthony Pyatt, Joshua Colley, Mars, Peder Lindell, Disney",64,movie tunes,0.815,0.762,1,-5.375,1,0.0611,0.0841,0.0,0.131,0.4,132.06,audio_features,spotify:track:60UNcOiHERCGTo9qsssH2K,https://api.spotify.com/v1/tracks/60UNcOiHERCGTo9qsssH2K,https://api.spotify.com/v1/audio-analysis/60UNcOiHERCGTo9qsssH2K,3.2372,4
Israel_&_Rodolffo_Bombonzinho_-_Ao_Vivo.txt,0SCMVUZ21uYYB8cc0ScfbV,"Let's Bora, Vol. 2 (Ao Vivo)",Bombonzinho - Ao Vivo,"Israel & Rodolffo, Ana Castela",62,"agronejo, arrocha, sertanejo, sertanejo pop, sertanejo universitario",0.654,0.948,1,-3.672,1,0.0548,0.3,0.0,0.92,0.706,158.054,audio_features,spotify:track:0SCMVUZ21uYYB8cc0ScfbV,https://api.spotify.com/v1/tracks/0SCMVUZ21uYYB8cc0ScfbV,https://api.spotify.com/v1/audio-analysis/0SCMVUZ21uYYB8cc0ScfbV,2.57836666666667,4
J_Balvin_LA_CANCIÓN.txt,0fea68AdmYNygeTGI4RC18,OASIS,LA CANCIÓN,"J Balvin, Bad Bunny",82,"reggaeton, reggaeton colombiano, trap latino, urbano latino",0.756,0.646,7,-5.795,1,0.319,0.152,1.81e-05,0.108,0.429,176.088,audio_features,spotify:track:0fea68AdmYNygeTGI4RC18,https://api.spotify.com/v1/tracks/0fea68AdmYNygeTGI4RC18,https://api.spotify.com/v1/audio-analysis/0fea68AdmYNygeTGI4RC18,4.04288333333333,4
Daniel_Caesar_LOVE_AGAIN.txt,2fhePAlCSsJplwkjqMYpVm,CASE STUDY 01,LOVE AGAIN,"Daniel Caesar, Brandy",63,canadian contemporary r&b,0.553,0.441,5,-6.411,1,0.0918,0.41,2.57e-06,0.107,0.525,76.988,audio_features,spotify:track:2fhePAlCSsJplwkjqMYpVm,https://api.spotify.com/v1/tracks/2fhePAlCSsJplwkjqMYpVm,https://api.spotify.com/v1/audio-analysis/2fhePAlCSsJplwkjqMYpVm,3.5713,4
Kehlani_After_Hours.txt,2x03XLsTZ0o86h0cfHrkKF,After Hours,After Hours,Kehlani,69,"pop, r&b, rap",0.729,0.777,1,-3.991,1,0.0431,0.069,0.00162,0.112,0.744,121.016,audio_features,spotify:track:2x03XLsTZ0o86h0cfHrkKF,https://api.spotify.com/v1/tracks/2x03XLsTZ0o86h0cfHrkKF,https://api.spotify.com/v1/audio-analysis/2x03XLsTZ0o86h0cfHrkKF,3.37356666666667,4
Lizzo_About_Damn_Time.txt,4a3D8glGZxhlJfOs1Czc3c,Special,About Damn Time,Lizzo,50,"escape room, minnesota hip hop, pop, trap queen",0.835,0.747,10,-6.328,0,0.0622,0.101,0.0,0.355,0.713,108.974,audio_features,spotify:track:4a3D8glGZxhlJfOs1Czc3c,https://api.spotify.com/v1/tracks/4a3D8glGZxhlJfOs1Czc3c,https://api.spotify.com/v1/audio-analysis/4a3D8glGZxhlJfOs1Czc3c,3.19896666666667,4
Morgan_Wallen_Born_With_A_Beer_In_My_Hand.txt,1BAU6v0fuAV914qMUEESR1,One Thing At A Time,Born With A Beer In My Hand,Morgan Wallen,59,contemporary country,0.533,0.822,0,-5.565,1,0.0403,0.0489,3.36e-05,0.365,0.636,148.124,audio_features,spotify:track:1BAU6v0fuAV914qMUEESR1,https://api.spotify.com/v1/tracks/1BAU6v0fuAV914qMUEESR1,https://api.spotify.com/v1/audio-analysis/1BAU6v0fuAV914qMUEESR1,3.14206666666667,4
Wisin_&_Yandel_Besos_Moja2.txt,6OzUIp8KjuwxJnCWkXp1uL,La Última Misión,Besos Moja2,"Wisin & Yandel, ROSALÍA",70,"electro latino, reggaeton, trap latino, urbano latino",0.736,0.727,5,-4.642,0,0.0571,0.0584,1.91e-06,0.0976,0.644,94.048,audio_features,spotify:track:6OzUIp8KjuwxJnCWkXp1uL,https://api.spotify.com/v1/tracks/6OzUIp8KjuwxJnCWkXp1uL,https://api.spotify.com/v1/audio-analysis/6OzUIp8KjuwxJnCWkXp1uL,3.81775,4
Yandel_Yandel_150.txt,6OzUIp8KjuwxJnCWkXp1uL,La Última Misión,Besos Moja2,"Wisin & Yandel, ROSALÍA",70,"electro latino, reggaeton, trap latino, urbano latino",0.736,0.727,5,-4.642,0,0.0571,0.0584,1.91e-06,0.0976,0.644,94.048,audio_features,spotify:track:6OzUIp8KjuwxJnCWkXp1uL,https://api.spotify.com/v1/tracks/6OzUIp8KjuwxJnCWkXp1uL,https://api.spotify.com/v1/audio-analysis/6OzUIp8KjuwxJnCWkXp1uL,3.81775,4
King_Maan_Meri_Jaan.txt,1418IuVKQPTYqt7QNJ9RXN,Champagne Talk,Maan Meri Jaan,King,73,"desi pop, hindi hip hop",0.698,0.505,6,-8.242,0,0.0356,0.354,0.0,0.0995,0.396,95.868,audio_features,spotify:track:1418IuVKQPTYqt7QNJ9RXN,https://api.spotify.com/v1/tracks/1418IuVKQPTYqt7QNJ9RXN,https://api.spotify.com/v1/audio-analysis/1418IuVKQPTYqt7QNJ9RXN,3.24423333333333,4
Bad_Bunny_Moscow_Mule.txt,6Xom58OOXk2SoU711L2IXO,Un Verano Sin Ti,Moscow Mule,Bad Bunny,79,"reggaeton, trap latino, urbano latino",0.804,0.674,5,-5.453,0,0.0333,0.294,1.18e-06,0.115,0.292,99.968,audio_features,spotify:track:6Xom58OOXk2SoU711L2IXO,https://api.spotify.com/v1/tracks/6Xom58OOXk2SoU711L2IXO,https://api.spotify.com/v1/audio-analysis/6Xom58OOXk2SoU711L2IXO,4.099,4
ROSALÍA_LLYLM.txt,2SiAcexM2p1yX6joESbehd,LLYLM,LLYLM,ROSALÍA,62,"pop, r&b en espanol",0.555,0.634,6,-5.522,0,0.273,0.129,2.32e-06,0.188,0.555,170.228,audio_features,spotify:track:2SiAcexM2p1yX6joESbehd,https://api.spotify.com/v1/tracks/2SiAcexM2p1yX6joESbehd,https://api.spotify.com/v1/audio-analysis/2SiAcexM2p1yX6joESbehd,2.90075,4
Sam_Smith_I'm_Not_Here_To_Make_Friends.txt,3i0FkJYlU4MFfYkjFHXXAM,Gloria,I'm Not Here To Make Friends,"Sam Smith, Calvin Harris, Jessie Reyez",62,"pop, uk pop",0.697,0.899,0,-4.451,1,0.0669,0.178,1.02e-05,0.418,0.833,114.939,audio_features,spotify:track:3i0FkJYlU4MFfYkjFHXXAM,https://api.spotify.com/v1/tracks/3i0FkJYlU4MFfYkjFHXXAM,https://api.spotify.com/v1/audio-analysis/3i0FkJYlU4MFfYkjFHXXAM,3.82675,4
P!nk_So_What.txt,0JiY190vktuhSGN6aqJdrt,Funhouse (Expanded Edition),So What,P!nk,74,"dance pop, pop",0.534,0.87,11,-3.078,0,0.0425,0.000334,0.0,0.241,0.462,126.019,audio_features,spotify:track:0JiY190vktuhSGN6aqJdrt,https://api.spotify.com/v1/tracks/0JiY190vktuhSGN6aqJdrt,https://api.spotify.com/v1/audio-analysis/0JiY190vktuhSGN6aqJdrt,3.586,4
LE_SSERAFIM_ANTIFRAGILE.txt,4fsQ0K37TOXa3hEQfjEic1,ANTIFRAGILE,ANTIFRAGILE,LE SSERAFIM,66,k-pop girl group,0.882,0.797,10,-3.299,0,0.0819,0.0821,0.0,0.113,0.824,105.025,audio_features,spotify:track:4fsQ0K37TOXa3hEQfjEic1,https://api.spotify.com/v1/tracks/4fsQ0K37TOXa3hEQfjEic1,https://api.spotify.com/v1/audio-analysis/4fsQ0K37TOXa3hEQfjEic1,3.07406666666667,4
PinkPantheress_Boy's_a_Liar.txt,3NanY0K4okhIQzL33U5Ad8,Boy's a liar,Boy's a Liar,PinkPantheress,67,bedroom pop,0.656,0.838,5,-8.407,1,0.041,0.25,0.00281,0.207,0.74,132.981,audio_features,spotify:track:3NanY0K4okhIQzL33U5Ad8,https://api.spotify.com/v1/tracks/3NanY0K4okhIQzL33U5Ad8,https://api.spotify.com/v1/audio-analysis/3NanY0K4okhIQzL33U5Ad8,2.18755,4
TAEYANG_VIBE_(feat._Jimin_of_BTS).txt,4NIe9Is7bN5JWyTeCW2ahK,Down to Earth,VIBE (feat. Jimin of BTS),"TAEYANG, Jimin",61,"k-pop, korean r&b",0.788,0.671,0,-5.537,1,0.0434,0.0713,0.0,0.262,0.611,100.096,audio_features,spotify:track:4NIe9Is7bN5JWyTeCW2ahK,https://api.spotify.com/v1/tracks/4NIe9Is7bN5JWyTeCW2ahK,https://api.spotify.com/v1/audio-analysis/4NIe9Is7bN5JWyTeCW2ahK,2.9296,4
SZA_Shirt.txt,34ZAzO78a5DAVNrYIGWcPm,Shirt,Shirt,SZA,63,"pop, r&b, rap",0.824,0.453,3,-9.604,0,0.0968,0.146,0.0273,0.0896,0.552,119.959,audio_features,spotify:track:34ZAzO78a5DAVNrYIGWcPm,https://api.spotify.com/v1/tracks/34ZAzO78a5DAVNrYIGWcPm,https://api.spotify.com/v1/audio-analysis/34ZAzO78a5DAVNrYIGWcPm,3.03051666666667,4
Lil_Nas_X_STAR_WALKIN'_(League_of_Legends_Worlds_Anthem).txt,38T0tPVZHcPZyhtOcCP7pF,STAR WALKIN' (League of Legends Worlds Anthem),STAR WALKIN' (League of Legends Worlds Anthem),Lil Nas X,70,lgbtq+ hip hop,0.637,0.715,2,-4.971,0,0.0455,0.148,0.0,0.0892,0.308,141.872,audio_features,spotify:track:38T0tPVZHcPZyhtOcCP7pF,https://api.spotify.com/v1/tracks/38T0tPVZHcPZyhtOcCP7pF,https://api.spotify.com/v1/audio-analysis/38T0tPVZHcPZyhtOcCP7pF,3.5096,4
"Beach_Weather_Sex,_Drugs,_Etc..txt",7MlDNspYwfqnHxORufupwq,Pineapple Sunrise,"Sex, Drugs, Etc.",Beach Weather,82,pov: indie,0.57,0.842,4,-5.085,0,0.0381,0.0136,0.00876,0.524,0.47,143.975,audio_features,spotify:track:7MlDNspYwfqnHxORufupwq,https://api.spotify.com/v1/tracks/7MlDNspYwfqnHxORufupwq,https://api.spotify.com/v1/audio-analysis/7MlDNspYwfqnHxORufupwq,3.27973333333333,4
BTS_Boy_With_Luv_(feat._Halsey).txt,4a9tbd947vo9K8Vti9JwcI,MAP OF THE SOUL : PERSONA,Boy With Luv (feat. Halsey),"BTS, Halsey",73,"k-pop, k-pop boy group, pop",0.645,0.862,11,-4.761,0,0.0845,0.0933,0.0,0.193,0.803,119.947,audio_features,spotify:track:4a9tbd947vo9K8Vti9JwcI,https://api.spotify.com/v1/tracks/4a9tbd947vo9K8Vti9JwcI,https://api.spotify.com/v1/audio-analysis/4a9tbd947vo9K8Vti9JwcI,3.82955,4
"Baby_Tate_Hey,_Mickey!.txt",3RKjTYlQrtLXCq5ncswBPp,"Hey, Mickey!","Hey, Mickey!",Baby Tate,66,trap queen,0.912,0.507,2,-11.952,1,0.0587,0.579,0.0,0.167,0.725,134.978,audio_features,spotify:track:3RKjTYlQrtLXCq5ncswBPp,https://api.spotify.com/v1/tracks/3RKjTYlQrtLXCq5ncswBPp,https://api.spotify.com/v1/audio-analysis/3RKjTYlQrtLXCq5ncswBPp,1.92593333333333,4
Vishal-Shekhar_Jhoome_Jo_Pathaan.txt,6FAYpZ4jve8vpvTwUvjK6H,Pathaan,Jhoome Jo Pathaan,"Vishal-Shekhar, Arijit Singh, Sukriti Kakar, Vishal Dadlani, Shekhar Ravjiani, Kumaar",64,"filmi, modern bollywood",0.817,0.738,7,-7.639,1,0.0748,0.0964,0.0,0.331,0.616,104.964,audio_features,spotify:track:6FAYpZ4jve8vpvTwUvjK6H,https://api.spotify.com/v1/tracks/6FAYpZ4jve8vpvTwUvjK6H,https://api.spotify.com/v1/audio-analysis/6FAYpZ4jve8vpvTwUvjK6H,3.4694,4
Beach_House_Space_Song.txt,7H0ya83CMmgFcOhw0UB6ow,Depression Cherry,Space Song,Beach House,76,"art pop, baltimore indie, dream pop, dreamo, indie rock, indietronica, modern dream pop, pov: indie",0.508,0.792,0,-7.311,0,0.0297,0.229,0.124,0.145,0.601,147.067,audio_features,spotify:track:7H0ya83CMmgFcOhw0UB6ow,https://api.spotify.com/v1/tracks/7H0ya83CMmgFcOhw0UB6ow,https://api.spotify.com/v1/audio-analysis/7H0ya83CMmgFcOhw0UB6ow,5.34111666666667,4
Jung_Kook_Dreamers_[Music_from_the_FIFA_World_Cup_Qatar_2022_Official_Soundtrack].txt,0jY618wuln0b5b8sCxFgjk,Dreamers [Music from the FIFA World Cup Qatar 2022 Official Soundtrack],Dreamers [Music from the FIFA World Cup Qatar 2022 Official Soundtrack],"Jung Kook, BTS, FIFA Sound",69,k-pop,0.709,0.879,0,-4.218,1,0.042,0.158,0.00158,0.441,0.34,114.99,audio_features,spotify:track:0jY618wuln0b5b8sCxFgjk,https://api.spotify.com/v1/tracks/0jY618wuln0b5b8sCxFgjk,https://api.spotify.com/v1/audio-analysis/0jY618wuln0b5b8sCxFgjk,3.35651666666667,4
Shakira_Te_Felicito.txt,2rurDawMfoKP4uHyb2kJBt,Te Felicito,Te Felicito,"Shakira, Rauw Alejandro",70,"colombian pop, dance pop, latin pop, pop",0.695,0.636,5,-4.654,1,0.317,0.234,0.0,0.081,0.575,174.14,audio_features,spotify:track:2rurDawMfoKP4uHyb2kJBt,https://api.spotify.com/v1/tracks/2rurDawMfoKP4uHyb2kJBt,https://api.spotify.com/v1/audio-analysis/2rurDawMfoKP4uHyb2kJBt,2.87058333333333,4
Sam_Smith_I'm_Not_The_Only_One.txt,7795WJLVKJoAyVoOtCWqXN,In The Lonely Hour,I'm Not The Only One,Sam Smith,82,"pop, uk pop",0.678,0.484,5,-5.795,1,0.0361,0.529,2.01e-05,0.0766,0.493,82.004,audio_features,spotify:track:7795WJLVKJoAyVoOtCWqXN,https://api.spotify.com/v1/tracks/7795WJLVKJoAyVoOtCWqXN,https://api.spotify.com/v1/audio-analysis/7795WJLVKJoAyVoOtCWqXN,3.98861666666667,4
Conan_Gray_Heather.txt,4xqrdfXkTW4T0RauPLv3WA,Kid Krow,Heather,Conan Gray,83,"bedroom pop, pop, pov: indie",0.357,0.425,5,-7.301,1,0.0333,0.584,0.0,0.322,0.27,102.078,audio_features,spotify:track:4xqrdfXkTW4T0RauPLv3WA,https://api.spotify.com/v1/tracks/4xqrdfXkTW4T0RauPLv3WA,https://api.spotify.com/v1/audio-analysis/4xqrdfXkTW4T0RauPLv3WA,3.30066666666667,3
Calvin_Harris_One_Kiss_(with_Dua_Lipa).txt,7ef4DlsgrMEH11cDZd32M6,One Kiss (with Dua Lipa),One Kiss (with Dua Lipa),"Calvin Harris, Dua Lipa",78,"dance pop, edm, electro house, house, pop, progressive house, uk dance",0.791,0.862,9,-3.24,0,0.11,0.037,2.19e-05,0.0814,0.592,123.994,audio_features,spotify:track:7ef4DlsgrMEH11cDZd32M6,https://api.spotify.com/v1/tracks/7ef4DlsgrMEH11cDZd32M6,https://api.spotify.com/v1/audio-analysis/7ef4DlsgrMEH11cDZd32M6,3.58078333333333,4
TOMORROW_X_TOGETHER_Sugar_Rush_Ride.txt,0rhI6gvOeCKA502RdJAbfs,The Name Chapter: TEMPTATION,Sugar Rush Ride,TOMORROW X TOGETHER,69,"k-pop, k-pop boy group",0.712,0.893,10,-3.995,0,0.0851,0.00788,0.0,0.169,0.828,125.022,audio_features,spotify:track:0rhI6gvOeCKA502RdJAbfs,https://api.spotify.com/v1/tracks/0rhI6gvOeCKA502RdJAbfs,https://api.spotify.com/v1/audio-analysis/0rhI6gvOeCKA502RdJAbfs,3.10951666666667,4
BLACKPINK_Pink_Venom.txt,0skYUMpS0AcbpjcGsAbRGj,Pink Venom,Pink Venom,BLACKPINK,62,"k-pop, k-pop girl group, pop",0.798,0.697,0,-7.139,1,0.0891,0.0202,0.0,0.259,0.745,90.031,audio_features,spotify:track:0skYUMpS0AcbpjcGsAbRGj,https://api.spotify.com/v1/tracks/0skYUMpS0AcbpjcGsAbRGj,https://api.spotify.com/v1/audio-analysis/0skYUMpS0AcbpjcGsAbRGj,3.11606666666667,4
Future_WAIT_FOR_U_(feat._Drake_&_Tems).txt,59nOXPmaKlBfGMDeOVGrIK,I NEVER LIKED YOU,WAIT FOR U (feat. Drake & Tems),"Future, Drake, Tems",81,"atl hip hop, hip hop, rap, southern hip hop, trap",0.463,0.642,1,-4.474,1,0.34,0.314,0.0,0.0686,0.339,83.389,audio_features,spotify:track:59nOXPmaKlBfGMDeOVGrIK,https://api.spotify.com/v1/tracks/59nOXPmaKlBfGMDeOVGrIK,https://api.spotify.com/v1/audio-analysis/59nOXPmaKlBfGMDeOVGrIK,3.16488333333333,4
Dua_Lipa_Don't_Start_Now.txt,3PfIrDoz19wz7qK7tYeu62,Future Nostalgia,Don't Start Now,Dua Lipa,80,"dance pop, pop, uk pop",0.793,0.793,11,-4.521,0,0.083,0.0123,0.0,0.0951,0.679,123.95,audio_features,spotify:track:3PfIrDoz19wz7qK7tYeu62,https://api.spotify.com/v1/tracks/3PfIrDoz19wz7qK7tYeu62,https://api.spotify.com/v1/audio-analysis/3PfIrDoz19wz7qK7tYeu62,3.05483333333333,4
Mr.Kitty_After_Dark.txt,2LKOHdMsL0K9KwcPRlJK2v,Time,After Dark,Mr.Kitty,76,weirdcore,0.585,0.595,8,-10.444,1,0.0328,0.0696,0.266,0.0837,0.039,140.037,audio_features,spotify:track:2LKOHdMsL0K9KwcPRlJK2v,https://api.spotify.com/v1/tracks/2LKOHdMsL0K9KwcPRlJK2v,https://api.spotify.com/v1/audio-analysis/2LKOHdMsL0K9KwcPRlJK2v,4.31911666666667,4
Gustavo_Mioto_Eu_Gosto_Assim_-_Ao_Vivo.txt,4ASA1PZyWGbuc4d9N8OAcF,Eu Gosto Assim (Ao Vivo),Eu Gosto Assim - Ao Vivo,"Gustavo Mioto, Mari Fernandez",68,"arrocha, sertanejo, sertanejo universitario",0.636,0.909,0,-3.685,1,0.0439,0.149,0.0,0.719,0.61,154.189,audio_features,spotify:track:4ASA1PZyWGbuc4d9N8OAcF,https://api.spotify.com/v1/tracks/4ASA1PZyWGbuc4d9N8OAcF,https://api.spotify.com/v1/audio-analysis/4ASA1PZyWGbuc4d9N8OAcF,2.48,4
Lil_Nas_X_INDUSTRY_BABY_(feat._Jack_Harlow).txt,27NovPIUIRrOZoCHxABJwK,INDUSTRY BABY (feat. Jack Harlow),INDUSTRY BABY (feat. Jack Harlow),"Lil Nas X, Jack Harlow",73,lgbtq+ hip hop,0.736,0.704,3,-7.409,0,0.0615,0.0203,0.0,0.0501,0.894,149.995,audio_features,spotify:track:27NovPIUIRrOZoCHxABJwK,https://api.spotify.com/v1/tracks/27NovPIUIRrOZoCHxABJwK,https://api.spotify.com/v1/audio-analysis/27NovPIUIRrOZoCHxABJwK,3.53333333333333,4
Elley_Duhé_MIDDLE_OF_THE_NIGHT.txt,58HvfVOeJY7lUuCqF0m3ly,MIDDLE OF THE NIGHT,MIDDLE OF THE NIGHT,Elley Duhé,74,alt z,0.41,0.611,4,-8.271,0,0.0467,0.0228,0.0,0.116,0.0899,185.727,audio_features,spotify:track:58HvfVOeJY7lUuCqF0m3ly,https://api.spotify.com/v1/tracks/58HvfVOeJY7lUuCqF0m3ly,https://api.spotify.com/v1/audio-analysis/58HvfVOeJY7lUuCqF0m3ly,3.07413333333333,3
Seafret_Atlantis.txt,1Fid2jjqsHViMX6xNH70hE,Tell Me It's Real (Expanded Edition),Atlantis,Seafret,81,folk-pop,0.4,0.479,8,-7.989,0,0.0308,0.0529,2.14e-06,0.115,0.213,166.159,audio_features,spotify:track:1Fid2jjqsHViMX6xNH70hE,https://api.spotify.com/v1/tracks/1Fid2jjqsHViMX6xNH70hE,https://api.spotify.com/v1/audio-analysis/1Fid2jjqsHViMX6xNH70hE,3.81955,4
Rauw_Alejandro_PUNTO_40.txt,4UGqAW9i7NtE5mW9xzm6yk,SATURNO,PUNTO 40,"Rauw Alejandro, Baby Rasta",68,"puerto rican pop, reggaeton, trap latino, urbano latino",0.857,0.829,0,-0.484,1,0.0842,0.00112,0.015,0.255,0.208,106.993,audio_features,spotify:track:4UGqAW9i7NtE5mW9xzm6yk,https://api.spotify.com/v1/tracks/4UGqAW9i7NtE5mW9xzm6yk,https://api.spotify.com/v1/audio-analysis/4UGqAW9i7NtE5mW9xzm6yk,3.17756666666667,4
MC_MENOR_HR_Evoque_Prata.txt,0bBwi6ddYeTv5fXgHAdfiH,Evoque Prata,Evoque Prata,"MC MENOR HR, MC MENOR SG, DJ ESCOBAR",60,funk rj,0.872,0.519,7,-4.467,1,0.244,0.306,0.0,0.276,0.52,86.768,audio_features,spotify:track:0bBwi6ddYeTv5fXgHAdfiH,https://api.spotify.com/v1/tracks/0bBwi6ddYeTv5fXgHAdfiH,https://api.spotify.com/v1/audio-analysis/0bBwi6ddYeTv5fXgHAdfiH,1.78461666666667,5
Dean_Lewis_How_Do_I_Say_Goodbye.txt,5hnGrTBaEsdukpDF6aZg8a,How Do I Say Goodbye,How Do I Say Goodbye,Dean Lewis,72,"australian pop, pop",0.4,0.641,8,-6.303,1,0.0674,0.214,0.0,0.0656,0.393,81.552,audio_features,spotify:track:5hnGrTBaEsdukpDF6aZg8a,https://api.spotify.com/v1/tracks/5hnGrTBaEsdukpDF6aZg8a,https://api.spotify.com/v1/audio-analysis/5hnGrTBaEsdukpDF6aZg8a,2.72671666666667,4
ATEEZ_Blind.txt,3epcMWxb5Wl7r95sY9s6WO,GOLDEN HOUR : Part.1,Blind,ATEEZ,59,"k-pop, k-pop boy group",0.826,0.651,10,-6.864,0,0.055,0.00179,6.45e-06,0.0697,0.559,125.036,audio_features,spotify:track:3epcMWxb5Wl7r95sY9s6WO,https://api.spotify.com/v1/tracks/3epcMWxb5Wl7r95sY9s6WO,https://api.spotify.com/v1/audio-analysis/3epcMWxb5Wl7r95sY9s6WO,3.31228333333333,4
Doja_Cat_Agora_Hills.txt,7dJYggqjKo71KI9sLzqCs8,Scarlet,Agora Hills,Doja Cat,75,"dance pop, pop",0.75,0.674,8,-6.128,0,0.097,0.228,8.91e-05,0.122,0.392,123.026,audio_features,spotify:track:7dJYggqjKo71KI9sLzqCs8,https://api.spotify.com/v1/tracks/7dJYggqjKo71KI9sLzqCs8,https://api.spotify.com/v1/audio-analysis/7dJYggqjKo71KI9sLzqCs8,4.42266666666667,4
Pressure_9X19_VVS_Switch_(feat._Luar_La_L_&_CDobleta)_-_Remix.txt,7kSL8RqBe9ySL8tjvSoII0,VVS Switch (feat. Luar La L & CDobleta) [Remix],VVS Switch (feat. Luar La L & CDobleta) - Remix,"Pressure 9X19, Anuel AA, YOVNGCHIMI, CDobleta, Luar La L",67,trap latino,0.544,0.871,0,-4.27,1,0.349,0.0494,0.0,0.346,0.638,79.997,audio_features,spotify:track:7kSL8RqBe9ySL8tjvSoII0,https://api.spotify.com/v1/tracks/7kSL8RqBe9ySL8tjvSoII0,https://api.spotify.com/v1/audio-analysis/7kSL8RqBe9ySL8tjvSoII0,9.2512,4
Skrillex_Rumble.txt,1GfBLbAhZUWdseuDqhocmn,Rumble,Rumble,"Skrillex, Fred again.., Flowdan",59,"brostep, complextro, edm, electro, pop dance",0.81,0.836,1,-7.721,0,0.0645,0.0515,0.229,0.0598,0.0585,139.979,audio_features,spotify:track:1GfBLbAhZUWdseuDqhocmn,https://api.spotify.com/v1/tracks/1GfBLbAhZUWdseuDqhocmn,https://api.spotify.com/v1/audio-analysis/1GfBLbAhZUWdseuDqhocmn,2.44285,4
Metro_Boomin_Niagara_Falls_(Foot_or_2)_[with_Travis_Scott_&_21_Savage].txt,4WuOWVnAqvEQxgSRrspBgt,HEROES & VILLAINS,Niagara Falls (Foot or 2) [with Travis Scott & 21 Savage],"Metro Boomin, Travis Scott, 21 Savage",73,rap,0.667,0.648,2,-5.117,1,0.284,0.175,0.000155,0.147,0.254,87.975,audio_features,spotify:track:4WuOWVnAqvEQxgSRrspBgt,https://api.spotify.com/v1/tracks/4WuOWVnAqvEQxgSRrspBgt,https://api.spotify.com/v1/audio-analysis/4WuOWVnAqvEQxgSRrspBgt,3.45511666666667,4
Bad_Bunny_Yonaguni.txt,2JPLbjOn0wPCngEot2STUS,Yonaguni,Yonaguni,Bad Bunny,75,"reggaeton, trap latino, urbano latino",0.644,0.648,1,-4.601,1,0.118,0.276,0.0,0.135,0.44,179.951,audio_features,spotify:track:2JPLbjOn0wPCngEot2STUS,https://api.spotify.com/v1/tracks/2JPLbjOn0wPCngEot2STUS,https://api.spotify.com/v1/audio-analysis/2JPLbjOn0wPCngEot2STUS,3.44516666666667,4
Nicki_Minaj_Super_Freaky_Girl.txt,4C6Uex2ILwJi9sZXRdmqXp,Super Freaky Girl,Super Freaky Girl,Nicki Minaj,67,"hip pop, pop, queens hip hop, rap",0.95,0.891,2,-2.653,1,0.241,0.0645,1.77e-05,0.309,0.912,133.01,audio_features,spotify:track:4C6Uex2ILwJi9sZXRdmqXp,https://api.spotify.com/v1/tracks/4C6Uex2ILwJi9sZXRdmqXp,https://api.spotify.com/v1/audio-analysis/4C6Uex2ILwJi9sZXRdmqXp,2.84961666666667,4
Kate_Bush_Running_Up_That_Hill_(A_Deal_With_God).txt,1PtQJZVZIdWIYdARpZRDFO,Hounds Of Love,Running Up That Hill (A Deal With God),Kate Bush,79,"art pop, art rock, baroque pop, new wave pop, permanent wave, piano rock, singer-songwriter",0.629,0.545,10,-13.123,0,0.0546,0.719,0.00308,0.0604,0.194,108.376,audio_features,spotify:track:1PtQJZVZIdWIYdARpZRDFO,https://api.spotify.com/v1/tracks/1PtQJZVZIdWIYdARpZRDFO,https://api.spotify.com/v1/audio-analysis/1PtQJZVZIdWIYdARpZRDFO,4.98221666666667,4
Glee_Cast_Dream_On_(Glee_Cast_Version)_(feat._Neil_Patrick_Harris).txt,65oFO7g1QLJMHCNRKu38nJ,"Glee: The Music, The Complete Season One",Dream On (Glee Cast Version) (feat. Neil Patrick Harris),"Glee Cast, Neil Patrick Harris",28,"glee club, post-teen pop",0.403,0.622,3,-4.706,1,0.0307,0.0127,2.45e-06,0.614,0.219,154.008,audio_features,spotify:track:65oFO7g1QLJMHCNRKu38nJ,https://api.spotify.com/v1/tracks/65oFO7g1QLJMHCNRKu38nJ,https://api.spotify.com/v1/audio-analysis/65oFO7g1QLJMHCNRKu38nJ,4.56888333333333,4
keshi_LIMBO.txt,2bdVgAQgosGUJoViVDNeOV,GABRIEL,LIMBO,keshi,73,chill r&b,0.577,0.366,8,-11.792,1,0.0368,0.879,7.76e-05,0.137,0.0841,129.923,audio_features,spotify:track:2bdVgAQgosGUJoViVDNeOV,https://api.spotify.com/v1/tracks/2bdVgAQgosGUJoViVDNeOV,https://api.spotify.com/v1/audio-analysis/2bdVgAQgosGUJoViVDNeOV,3.54641666666667,4
Lost_Frequencies_Where_Are_You_Now.txt,3mfER4ORePHvN35cbZ3dkV,All Stand Together,Where Are You Now,"Lost Frequencies, Calum Scott",80,"belgian edm, edm, pop dance, tropical house",0.762,0.632,6,-8.312,0,0.085,0.51,0.000205,0.18,0.282,121.031,audio_features,spotify:track:3mfER4ORePHvN35cbZ3dkV,https://api.spotify.com/v1/tracks/3mfER4ORePHvN35cbZ3dkV,https://api.spotify.com/v1/audio-analysis/3mfER4ORePHvN35cbZ3dkV,2.48445,4
Kenshi_Yonezu_KICK_BACK.txt,3khEEPRyBeOUabbmOPJzAG,KICK BACK,KICK BACK,Kenshi Yonezu,72,"anime, j-pop",0.577,0.941,1,-5.17,1,0.105,0.00207,3.36e-06,0.0891,0.292,101.921,audio_features,spotify:track:3khEEPRyBeOUabbmOPJzAG,https://api.spotify.com/v1/tracks/3khEEPRyBeOUabbmOPJzAG,https://api.spotify.com/v1/audio-analysis/3khEEPRyBeOUabbmOPJzAG,3.22491666666667,4
Omar_Apollo_Evergreen_(You_Didn’t_Deserve_Me_At_All).txt,2TktkzfozZifbQhXjT6I33,Ivory,Evergreen (You Didn’t Deserve Me At All),Omar Apollo,74,"bedroom pop, bedroom soul",0.697,0.336,9,-10.395,1,0.0424,0.598,0.00528,0.107,0.31,82.029,audio_features,spotify:track:2TktkzfozZifbQhXjT6I33,https://api.spotify.com/v1/tracks/2TktkzfozZifbQhXjT6I33,https://api.spotify.com/v1/audio-analysis/2TktkzfozZifbQhXjT6I33,3.61133333333333,3
SZA_Good_Days.txt,3YJJjQPAbDT7mGpX3WtQ9A,Good Days,Good Days,SZA,73,"pop, r&b, rap",0.436,0.655,1,-8.37,0,0.0583,0.499,8.1e-06,0.688,0.412,121.002,audio_features,spotify:track:3YJJjQPAbDT7mGpX3WtQ9A,https://api.spotify.com/v1/tracks/3YJJjQPAbDT7mGpX3WtQ9A,https://api.spotify.com/v1/audio-analysis/3YJJjQPAbDT7mGpX3WtQ9A,4.6534,4
Dua_Lipa_Levitating_(feat._DaBaby).txt,5nujrmhLynf4yMoMtj8AQF,Future Nostalgia,Levitating (feat. DaBaby),"Dua Lipa, DaBaby",79,"dance pop, pop, uk pop",0.702,0.825,6,-3.787,0,0.0601,0.00883,0.0,0.0674,0.915,102.977,audio_features,spotify:track:5nujrmhLynf4yMoMtj8AQF,https://api.spotify.com/v1/tracks/5nujrmhLynf4yMoMtj8AQF,https://api.spotify.com/v1/audio-analysis/5nujrmhLynf4yMoMtj8AQF,3.3844,4
Britney_Spears_Womanizer.txt,4fixebDZAVToLbUCuEloa2,Circus (Deluxe Version),Womanizer,Britney Spears,77,"dance pop, pop",0.724,0.695,11,-5.226,1,0.0622,0.073,0.0,0.0889,0.235,139.0,audio_features,spotify:track:4fixebDZAVToLbUCuEloa2,https://api.spotify.com/v1/tracks/4fixebDZAVToLbUCuEloa2,https://api.spotify.com/v1/audio-analysis/4fixebDZAVToLbUCuEloa2,3.74,4
Hotel_Ugly_Shut_up_My_Moms_Calling.txt,31mzt4ZV8C0f52pIz1NSwd,Shut up My Moms Calling (Sped up),Shut up My Moms Calling (Sped up),Hotel Ugly,78,modern indie pop,0.653,0.474,5,-10.899,0,0.103,0.312,6.65e-06,0.119,0.361,85.024,audio_features,spotify:track:31mzt4ZV8C0f52pIz1NSwd,https://api.spotify.com/v1/tracks/31mzt4ZV8C0f52pIz1NSwd,https://api.spotify.com/v1/audio-analysis/31mzt4ZV8C0f52pIz1NSwd,2.25881666666667,4
Hotel_Ugly_Shut_up_My_Moms_Calling_(Sped_up).txt,31mzt4ZV8C0f52pIz1NSwd,Shut up My Moms Calling (Sped up),Shut up My Moms Calling (Sped up),Hotel Ugly,78,modern indie pop,0.653,0.474,5,-10.899,0,0.103,0.312,6.65e-06,0.119,0.361,85.024,audio_features,spotify:track:31mzt4ZV8C0f52pIz1NSwd,https://api.spotify.com/v1/tracks/31mzt4ZV8C0f52pIz1NSwd,https://api.spotify.com/v1/audio-analysis/31mzt4ZV8C0f52pIz1NSwd,2.25881666666667,4
Bebe_Rexha_Ferrari.txt,3hfPmifit8Rtc0zj9WYQlU,Expectations,Ferrari,Bebe Rexha,45,"dance pop, pop",0.577,0.48,8,-5.908,1,0.0297,0.0161,0.0,0.104,0.422,76.54,audio_features,spotify:track:3hfPmifit8Rtc0zj9WYQlU,https://api.spotify.com/v1/tracks/3hfPmifit8Rtc0zj9WYQlU,https://api.spotify.com/v1/audio-analysis/3hfPmifit8Rtc0zj9WYQlU,3.54238333333333,4
"Taylor_Swift_You're_On_Your_Own,_Kid.txt",4D7BCuvgdJlYvlX5WlN54t,Midnights,"You're On Your Own, Kid",Taylor Swift,76,pop,0.696,0.39,2,-10.331,1,0.0616,0.447,1.55e-05,0.125,0.395,120.032,audio_features,spotify:track:4D7BCuvgdJlYvlX5WlN54t,https://api.spotify.com/v1/tracks/4D7BCuvgdJlYvlX5WlN54t,https://api.spotify.com/v1/audio-analysis/4D7BCuvgdJlYvlX5WlN54t,3.23678333333333,4
SZA_Nobody_Gets_Me.txt,5Y35SjAfXjjG0sFQ3KOxmm,SOS,Nobody Gets Me,SZA,84,"pop, r&b, rap",0.358,0.284,7,-8.285,1,0.0285,0.805,0.0,0.183,0.276,99.796,audio_features,spotify:track:5Y35SjAfXjjG0sFQ3KOxmm,https://api.spotify.com/v1/tracks/5Y35SjAfXjjG0sFQ3KOxmm,https://api.spotify.com/v1/audio-analysis/5Y35SjAfXjjG0sFQ3KOxmm,3.01421666666667,3
Nicki_Minaj_Barbie_World_(with_Aqua)_[From_Barbie_The_Album].txt,5uejzK1tbyjsvO4Efzeoec,Barbie World (with Aqua) [From Barbie The Album],Barbie World (with Aqua) [From Barbie The Album],"Nicki Minaj, Ice Spice, Aqua",38,"hip pop, pop, queens hip hop, rap",0.759,0.579,0,-8.398,1,0.248,0.514,0.0014,0.237,0.736,144.025,audio_features,spotify:track:5uejzK1tbyjsvO4Efzeoec,https://api.spotify.com/v1/tracks/5uejzK1tbyjsvO4Efzeoec,https://api.spotify.com/v1/audio-analysis/5uejzK1tbyjsvO4Efzeoec,1.82916666666667,4
Cigarettes_After_Sex_Apocalypse.txt,0yc6Gst2xkRu0eMLeRMGCX,Cigarettes After Sex,Apocalypse,Cigarettes After Sex,87,"ambient pop, dream pop, el paso indie, shoegaze",0.369,0.468,5,-9.013,1,0.0273,0.0205,0.566,0.109,0.18,94.434,audio_features,spotify:track:0yc6Gst2xkRu0eMLeRMGCX,https://api.spotify.com/v1/tracks/0yc6Gst2xkRu0eMLeRMGCX,https://api.spotify.com/v1/audio-analysis/0yc6Gst2xkRu0eMLeRMGCX,4.84361666666667,4
Yandel_Yandel_150.txt,6JUMswocQ7Hp46kj9kyljT,FELIZ CUMPLEAÑOS FERXXO TE PIRATEAMOS EL ÁLBUM,XQ Te Pones Así,"Feid, Yandel",60,"colombian pop, pop reggaeton, reggaeton, reggaeton colombiano, trap latino, urbano latino",0.812,0.697,10,-3.441,1,0.0694,0.134,0.0,0.147,0.477,92.03,audio_features,spotify:track:6JUMswocQ7Hp46kj9kyljT,https://api.spotify.com/v1/tracks/6JUMswocQ7Hp46kj9kyljT,https://api.spotify.com/v1/audio-analysis/6JUMswocQ7Hp46kj9kyljT,3.64488333333333,4
